table,column,postgres_type,nullable,key_reference,rules_default,source_json_path,go_field_value,conversion_derivation,trace_class,go_models,writer_projector,source
fi.recorded_generation,recorded_generation_id,bigint,No,PK,`GENERATED ALWAYS AS IDENTITY`,—,—,`GENERATED ALWAYS AS IDENTITY`; returned into local Go `id int64`,PostgreSQL-generated,"`generationrecorder.RecordedReceipt`, `transportgeneration.Descriptor`, `recordingest.PreparedGeneration`",`insertRecordedGeneration()` — `go/internal/recordingest/postgres_ingest.go`,Immutable recorder receipt JSON + receipt bytes
fi.recorded_generation,receipt_version,text,No,—,`NOT NULL`,receipt.version,generationrecorder.RecordedReceipt.Version,Direct,Direct JSON,"`generationrecorder.RecordedReceipt`, `transportgeneration.Descriptor`, `recordingest.PreparedGeneration`",`insertRecordedGeneration()` — `go/internal/recordingest/postgres_ingest.go`,Immutable recorder receipt JSON + receipt bytes
fi.recorded_generation,descriptor_version,text,No,—,`NOT NULL`,receipt.descriptor.version,transportgeneration.Descriptor.Version,Direct,Direct JSON,"`generationrecorder.RecordedReceipt`, `transportgeneration.Descriptor`, `recordingest.PreparedGeneration`",`insertRecordedGeneration()` — `go/internal/recordingest/postgres_ingest.go`,Immutable recorder receipt JSON + receipt bytes
fi.recorded_generation,source_id,text,No,"UQ(source_id, generation_id)",`NOT NULL`,receipt.descriptor.source_id,transportgeneration.Descriptor.SourceID,Direct,Direct JSON,"`generationrecorder.RecordedReceipt`, `transportgeneration.Descriptor`, `recordingest.PreparedGeneration`",`insertRecordedGeneration()` — `go/internal/recordingest/postgres_ingest.go`,Immutable recorder receipt JSON + receipt bytes
fi.recorded_generation,generation_id,text,No,"UQ(source_id, generation_id)",`NOT NULL`,receipt.descriptor.generation_id,transportgeneration.Descriptor.GenerationID,Direct,Direct JSON,"`generationrecorder.RecordedReceipt`, `transportgeneration.Descriptor`, `recordingest.PreparedGeneration`",`insertRecordedGeneration()` — `go/internal/recordingest/postgres_ingest.go`,Immutable recorder receipt JSON + receipt bytes
fi.recorded_generation,canonical_version,text,No,—,`NOT NULL`,receipt.descriptor.canonical_version,transportgeneration.Descriptor.CanonicalVersion,Direct,Direct JSON,"`generationrecorder.RecordedReceipt`, `transportgeneration.Descriptor`, `recordingest.PreparedGeneration`",`insertRecordedGeneration()` — `go/internal/recordingest/postgres_ingest.go`,Immutable recorder receipt JSON + receipt bytes
fi.recorded_generation,data_encoding,text,No,—,`NOT NULL`,receipt.descriptor.data_encoding,transportgeneration.Descriptor.DataEncoding,Direct,Direct JSON,"`generationrecorder.RecordedReceipt`, `transportgeneration.Descriptor`, `recordingest.PreparedGeneration`",`insertRecordedGeneration()` — `go/internal/recordingest/postgres_ingest.go`,Immutable recorder receipt JSON + receipt bytes
fi.recorded_generation,artifact_count,bigint,No,—,`NOT NULL CHECK (artifact_count > 0)`,receipt.descriptor.artifact_count,transportgeneration.Descriptor.ArtifactCount,`uint64` → `int64`,Direct JSON,"`generationrecorder.RecordedReceipt`, `transportgeneration.Descriptor`, `recordingest.PreparedGeneration`",`insertRecordedGeneration()` — `go/internal/recordingest/postgres_ingest.go`,Immutable recorder receipt JSON + receipt bytes
fi.recorded_generation,source_bytes,bigint,No,—,`NOT NULL CHECK (source_bytes >= 0)`,receipt.descriptor.source_bytes,transportgeneration.Descriptor.SourceBytes,`uint64` → `int64`,Direct JSON,"`generationrecorder.RecordedReceipt`, `transportgeneration.Descriptor`, `recordingest.PreparedGeneration`",`insertRecordedGeneration()` — `go/internal/recordingest/postgres_ingest.go`,Immutable recorder receipt JSON + receipt bytes
fi.recorded_generation,canonical_bytes,bigint,No,—,`NOT NULL CHECK (canonical_bytes > 0)`,receipt.descriptor.canonical_bytes,transportgeneration.Descriptor.CanonicalBytes,`uint64` → `int64`,Direct JSON,"`generationrecorder.RecordedReceipt`, `transportgeneration.Descriptor`, `recordingest.PreparedGeneration`",`insertRecordedGeneration()` — `go/internal/recordingest/postgres_ingest.go`,Immutable recorder receipt JSON + receipt bytes
fi.recorded_generation,canonical_sha256,bytea,No,—,`NOT NULL CHECK (octet_length(canonical_sha256) = 32)`,receipt.descriptor.canonical_sha256,transportgeneration.Descriptor.CanonicalSHA256,hex text → 32-byte `bytea` via `decodeHex()`,Direct JSON,"`generationrecorder.RecordedReceipt`, `transportgeneration.Descriptor`, `recordingest.PreparedGeneration`",`insertRecordedGeneration()` — `go/internal/recordingest/postgres_ingest.go`,Immutable recorder receipt JSON + receipt bytes
fi.recorded_generation,encoded_data_bytes,bigint,No,—,`NOT NULL CHECK (encoded_data_bytes > 0)`,receipt.descriptor.encoded_data_bytes,transportgeneration.Descriptor.EncodedDataBytes,`uint64` → `int64`,Direct JSON,"`generationrecorder.RecordedReceipt`, `transportgeneration.Descriptor`, `recordingest.PreparedGeneration`",`insertRecordedGeneration()` — `go/internal/recordingest/postgres_ingest.go`,Immutable recorder receipt JSON + receipt bytes
fi.recorded_generation,encoded_data_sha256,bytea,No,—,`NOT NULL CHECK (octet_length(encoded_data_sha256) = 32)`,receipt.descriptor.encoded_data_sha256,transportgeneration.Descriptor.EncodedDataSHA256,hex text → 32-byte `bytea` via `decodeHex()`,Direct JSON,"`generationrecorder.RecordedReceipt`, `transportgeneration.Descriptor`, `recordingest.PreparedGeneration`",`insertRecordedGeneration()` — `go/internal/recordingest/postgres_ingest.go`,Immutable recorder receipt JSON + receipt bytes
fi.recorded_generation,metadata_bytes,bigint,No,—,`NOT NULL CHECK (metadata_bytes > 0)`,receipt.metadata_bytes,generationrecorder.RecordedReceipt.MetadataBytes,`uint64` → `int64`,Direct JSON,"`generationrecorder.RecordedReceipt`, `transportgeneration.Descriptor`, `recordingest.PreparedGeneration`",`insertRecordedGeneration()` — `go/internal/recordingest/postgres_ingest.go`,Immutable recorder receipt JSON + receipt bytes
fi.recorded_generation,metadata_sha256,bytea,No,—,`NOT NULL CHECK (octet_length(metadata_sha256) = 32)`,receipt.metadata_sha256,generationrecorder.RecordedReceipt.MetadataSHA256,hex text → 32-byte `bytea` via `decodeHex()`,Direct JSON,"`generationrecorder.RecordedReceipt`, `transportgeneration.Descriptor`, `recordingest.PreparedGeneration`",`insertRecordedGeneration()` — `go/internal/recordingest/postgres_ingest.go`,Immutable recorder receipt JSON + receipt bytes
fi.recorded_generation,transfer_bytes,bigint,No,—,`NOT NULL CHECK (transfer_bytes > 0)`,receipt.transfer_bytes,generationrecorder.RecordedReceipt.TransferBytes,`uint64` → `int64`,Direct JSON,"`generationrecorder.RecordedReceipt`, `transportgeneration.Descriptor`, `recordingest.PreparedGeneration`",`insertRecordedGeneration()` — `go/internal/recordingest/postgres_ingest.go`,Immutable recorder receipt JSON + receipt bytes
fi.recorded_generation,transfer_sha256,bytea,No,UQ(transfer_sha256),`NOT NULL CHECK (octet_length(transfer_sha256) = 32)`,receipt.transfer_sha256,generationrecorder.RecordedReceipt.TransferSHA256,hex text → 32-byte `bytea` via `decodeHex()`,Direct JSON,"`generationrecorder.RecordedReceipt`, `transportgeneration.Descriptor`, `recordingest.PreparedGeneration`",`insertRecordedGeneration()` — `go/internal/recordingest/postgres_ingest.go`,Immutable recorder receipt JSON + receipt bytes
fi.recorded_generation,batch_count,bigint,No,—,`NOT NULL CHECK (batch_count > 0)`,receipt.batch_count,generationrecorder.RecordedReceipt.BatchCount,`uint64` → `int64`,Direct JSON,"`generationrecorder.RecordedReceipt`, `transportgeneration.Descriptor`, `recordingest.PreparedGeneration`",`insertRecordedGeneration()` — `go/internal/recordingest/postgres_ingest.go`,Immutable recorder receipt JSON + receipt bytes
fi.recorded_generation,data_bytes,bigint,No,—,`NOT NULL CHECK (data_bytes > 0)`,receipt.data_bytes,generationrecorder.RecordedReceipt.DataBytes,`uint64` → `int64`,Direct JSON,"`generationrecorder.RecordedReceipt`, `transportgeneration.Descriptor`, `recordingest.PreparedGeneration`",`insertRecordedGeneration()` — `go/internal/recordingest/postgres_ingest.go`,Immutable recorder receipt JSON + receipt bytes
fi.recorded_generation,record_count,bigint,No,—,`NOT NULL CHECK (record_count > 0)`,receipt.record_count,generationrecorder.RecordedReceipt.RecordCount,`uint64` → `int64`,Direct JSON,"`generationrecorder.RecordedReceipt`, `transportgeneration.Descriptor`, `recordingest.PreparedGeneration`",`insertRecordedGeneration()` — `go/internal/recordingest/postgres_ingest.go`,Immutable recorder receipt JSON + receipt bytes
fi.recorded_generation,receipt_bytes,bigint,No,—,`NOT NULL CHECK (receipt_bytes > 0)`,—,recordingest.PreparedGeneration.ReceiptBytes,measured from immutable receipt bytes during load,Derived,"`generationrecorder.RecordedReceipt`, `transportgeneration.Descriptor`, `recordingest.PreparedGeneration`",`insertRecordedGeneration()` — `go/internal/recordingest/postgres_ingest.go`,Immutable recorder receipt JSON + receipt bytes
fi.recorded_generation,receipt_sha256,bytea,No,UQ(receipt_sha256),`NOT NULL CHECK (octet_length(receipt_sha256) = 32)`,—,recordingest.PreparedGeneration.ReceiptSHA256,SHA-256 of immutable receipt bytes; hex → 32-byte `bytea`,Derived,"`generationrecorder.RecordedReceipt`, `transportgeneration.Descriptor`, `recordingest.PreparedGeneration`",`insertRecordedGeneration()` — `go/internal/recordingest/postgres_ingest.go`,Immutable recorder receipt JSON + receipt bytes
fi.recorded_generation,ingested_at,timestamptz,No,—,`NOT NULL DEFAULT clock_timestamp()`,—,—,`DEFAULT clock_timestamp()`,PostgreSQL-generated,"`generationrecorder.RecordedReceipt`, `transportgeneration.Descriptor`, `recordingest.PreparedGeneration`",`insertRecordedGeneration()` — `go/internal/recordingest/postgres_ingest.go`,Immutable recorder receipt JSON + receipt bytes
fi.recorded_generation,ingest_version,text,No,—,`NOT NULL`,—,recordingest.IngestVersion,Runtime ingest state; not source JSON,Runtime state,"`generationrecorder.RecordedReceipt`, `transportgeneration.Descriptor`, `recordingest.PreparedGeneration`",`insertRecordedGeneration()` — `go/internal/recordingest/postgres_ingest.go`,Immutable recorder receipt JSON + receipt bytes
fi.source_batch,source_batch_id,bigint,No,PK,`GENERATED ALWAYS AS IDENTITY`,—,—,`GENERATED ALWAYS AS IDENTITY`; returned to Go for child source records,PostgreSQL-generated,"`recordingest.PreparedBatch`, `spool.Manifest`, `spool.CollectorIdentity`",`insertSourceBatch()` — `go/internal/recordingest/postgres_ingest.go`,Validated batch manifest JSON + prepared manifest artifact metadata
fi.source_batch,recorded_generation_id,bigint,No,"UQ(recorded_generation_id, batch_id), UQ(recorded_generation_id, manifest_artifact_name), UQ(recorded_generation_id, data_artifact_name), FK → fi.recorded_generation.recorded_generation_id",`NOT NULL`,—,recordedGenerationID,returned by `insertRecordedGeneration()`,Derived,"`recordingest.PreparedBatch`, `spool.Manifest`, `spool.CollectorIdentity`",`insertSourceBatch()` — `go/internal/recordingest/postgres_ingest.go`,Validated batch manifest JSON + prepared manifest artifact metadata
fi.source_batch,manifest_artifact_name,text,No,"UQ(recorded_generation_id, manifest_artifact_name)",`NOT NULL`,—,recordingest.PreparedBatch.ManifestArtifactName,derived from validated recorder artifact inventory; not a manifest JSON field,Derived,"`recordingest.PreparedBatch`, `spool.Manifest`, `spool.CollectorIdentity`",`insertSourceBatch()` — `go/internal/recordingest/postgres_ingest.go`,Validated batch manifest JSON + prepared manifest artifact metadata
fi.source_batch,data_artifact_name,text,No,"UQ(recorded_generation_id, data_artifact_name)",`NOT NULL`,—,recordingest.PreparedBatch.DataArtifactName,derived from validated recorder artifact inventory; not a manifest JSON field,Derived,"`recordingest.PreparedBatch`, `spool.Manifest`, `spool.CollectorIdentity`",`insertSourceBatch()` — `go/internal/recordingest/postgres_ingest.go`,Validated batch manifest JSON + prepared manifest artifact metadata
fi.source_batch,manifest_version,text,No,—,`NOT NULL`,manifest.version,spool.Manifest.Version,Direct,Direct JSON,"`recordingest.PreparedBatch`, `spool.Manifest`, `spool.CollectorIdentity`",`insertSourceBatch()` — `go/internal/recordingest/postgres_ingest.go`,Validated batch manifest JSON + prepared manifest artifact metadata
fi.source_batch,batch_id,text,No,"UQ(recorded_generation_id, batch_id)",`NOT NULL`,manifest.batch_id,spool.Manifest.BatchID,Direct,Direct JSON,"`recordingest.PreparedBatch`, `spool.Manifest`, `spool.CollectorIdentity`",`insertSourceBatch()` — `go/internal/recordingest/postgres_ingest.go`,Validated batch manifest JSON + prepared manifest artifact metadata
fi.source_batch,target_batch_size,integer,No,—,`NOT NULL CHECK (target_batch_size > 0)`,manifest.target_batch_size,spool.Manifest.TargetBatchSize,Direct,Direct JSON,"`recordingest.PreparedBatch`, `spool.Manifest`, `spool.CollectorIdentity`",`insertSourceBatch()` — `go/internal/recordingest/postgres_ingest.go`,Validated batch manifest JSON + prepared manifest artifact metadata
fi.source_batch,record_count,bigint,No,—,`NOT NULL CHECK (record_count > 0)`,manifest.record_count,spool.Manifest.RecordCount,`int` → `int64`,Direct JSON,"`recordingest.PreparedBatch`, `spool.Manifest`, `spool.CollectorIdentity`",`insertSourceBatch()` — `go/internal/recordingest/postgres_ingest.go`,Validated batch manifest JSON + prepared manifest artifact metadata
fi.source_batch,data_bytes,bigint,No,—,`NOT NULL CHECK (data_bytes > 0)`,manifest.data_bytes,spool.Manifest.DataBytes,Direct,Direct JSON,"`recordingest.PreparedBatch`, `spool.Manifest`, `spool.CollectorIdentity`",`insertSourceBatch()` — `go/internal/recordingest/postgres_ingest.go`,Validated batch manifest JSON + prepared manifest artifact metadata
fi.source_batch,data_sha256,bytea,No,—,`NOT NULL CHECK (octet_length(data_sha256) = 32)`,manifest.data_sha256,spool.Manifest.DataSHA256,hex text → 32-byte `bytea`,Direct JSON,"`recordingest.PreparedBatch`, `spool.Manifest`, `spool.CollectorIdentity`",`insertSourceBatch()` — `go/internal/recordingest/postgres_ingest.go`,Validated batch manifest JSON + prepared manifest artifact metadata
fi.source_batch,data_file,text,No,—,`NOT NULL`,manifest.data_file,spool.Manifest.DataFile,Direct,Direct JSON,"`recordingest.PreparedBatch`, `spool.Manifest`, `spool.CollectorIdentity`",`insertSourceBatch()` — `go/internal/recordingest/postgres_ingest.go`,Validated batch manifest JSON + prepared manifest artifact metadata
fi.source_batch,collector_executable_path,text,No,—,`NOT NULL`,manifest.collector.executable_path,spool.Manifest.Collector.ExecutablePath,Direct,Direct JSON,"`recordingest.PreparedBatch`, `spool.Manifest`, `spool.CollectorIdentity`",`insertSourceBatch()` — `go/internal/recordingest/postgres_ingest.go`,Validated batch manifest JSON + prepared manifest artifact metadata
fi.source_batch,collector_executable_sha256,bytea,No,—,`NOT NULL CHECK (octet_length(collector_executable_sha256) = 32)`,manifest.collector.executable_sha256,spool.Manifest.Collector.ExecutableSHA256,hex text → 32-byte `bytea`,Direct JSON,"`recordingest.PreparedBatch`, `spool.Manifest`, `spool.CollectorIdentity`",`insertSourceBatch()` — `go/internal/recordingest/postgres_ingest.go`,Validated batch manifest JSON + prepared manifest artifact metadata
fi.source_batch,created_at,timestamptz,No,—,`NOT NULL`,manifest.created_at,spool.Manifest.CreatedAt,RFC3339 text → `timestamptz`,Direct JSON,"`recordingest.PreparedBatch`, `spool.Manifest`, `spool.CollectorIdentity`",`insertSourceBatch()` — `go/internal/recordingest/postgres_ingest.go`,Validated batch manifest JSON + prepared manifest artifact metadata
fi.source_batch,completed_at,timestamptz,No,—,`NOT NULL`,manifest.completed_at,spool.Manifest.CompletedAt,RFC3339 text → `timestamptz`,Direct JSON,"`recordingest.PreparedBatch`, `spool.Manifest`, `spool.CollectorIdentity`",`insertSourceBatch()` — `go/internal/recordingest/postgres_ingest.go`,Validated batch manifest JSON + prepared manifest artifact metadata
fi.source_batch,manifest_bytes,bigint,No,—,`NOT NULL CHECK (manifest_bytes > 0)`,—,recordingest.PreparedBatch.ManifestBytes,measured from immutable manifest bytes,Derived,"`recordingest.PreparedBatch`, `spool.Manifest`, `spool.CollectorIdentity`",`insertSourceBatch()` — `go/internal/recordingest/postgres_ingest.go`,Validated batch manifest JSON + prepared manifest artifact metadata
fi.source_batch,manifest_sha256,bytea,No,—,`NOT NULL CHECK (octet_length(manifest_sha256) = 32)`,—,recordingest.PreparedBatch.ManifestSHA256,SHA-256 of immutable manifest bytes; hex → 32-byte `bytea`,Derived,"`recordingest.PreparedBatch`, `spool.Manifest`, `spool.CollectorIdentity`",`insertSourceBatch()` — `go/internal/recordingest/postgres_ingest.go`,Validated batch manifest JSON + prepared manifest artifact metadata
fi.source_batch,ingested_at,timestamptz,No,—,`NOT NULL DEFAULT clock_timestamp()`,—,—,`DEFAULT clock_timestamp()`,PostgreSQL-generated,"`recordingest.PreparedBatch`, `spool.Manifest`, `spool.CollectorIdentity`",`insertSourceBatch()` — `go/internal/recordingest/postgres_ingest.go`,Validated batch manifest JSON + prepared manifest artifact metadata
fi.source_record,source_record_id,bigint,No,PK,`GENERATED ALWAYS AS IDENTITY`,—,—,`GENERATED ALWAYS AS IDENTITY`; returned to Go and used as projection PK/FK,PostgreSQL-generated,"`spool.Record`, `recordingest.SourceRecord`",`ingestSourceBatch()` — `go/internal/recordingest/postgres_ingest.go`,Canonical source JSONL record envelope + exact raw record bytes
fi.source_record,source_batch_id,bigint,No,"UQ(source_batch_id, record_ordinal), FK → fi.source_batch.source_batch_id",`NOT NULL`,—,sourceBatchID,returned by `insertSourceBatch()`,Derived,"`spool.Record`, `recordingest.SourceRecord`",`ingestSourceBatch()` — `go/internal/recordingest/postgres_ingest.go`,Canonical source JSONL record envelope + exact raw record bytes
fi.source_record,record_ordinal,bigint,No,"UQ(source_batch_id, record_ordinal)",`NOT NULL CHECK (record_ordinal > 0)`,—,ordinal,incremented while reading canonical batch JSONL,Derived,"`spool.Record`, `recordingest.SourceRecord`",`ingestSourceBatch()` — `go/internal/recordingest/postgres_ingest.go`,Canonical source JSONL record envelope + exact raw record bytes
fi.source_record,version,text,No,—,`NOT NULL`,record.version,spool.Record.Version,Direct,Direct JSON,"`spool.Record`, `recordingest.SourceRecord`",`ingestSourceBatch()` — `go/internal/recordingest/postgres_ingest.go`,Canonical source JSONL record envelope + exact raw record bytes
fi.source_record,record_kind,text,No,—,`NOT NULL`,record.record_kind,spool.Record.RecordKind,Direct,Direct JSON,"`spool.Record`, `recordingest.SourceRecord`",`ingestSourceBatch()` — `go/internal/recordingest/postgres_ingest.go`,Canonical source JSONL record envelope + exact raw record bytes
fi.source_record,scope_id,text,No,—,`NOT NULL`,record.scope_id,spool.Record.ScopeID,Direct,Direct JSON,"`spool.Record`, `recordingest.SourceRecord`",`ingestSourceBatch()` — `go/internal/recordingest/postgres_ingest.go`,Canonical source JSONL record envelope + exact raw record bytes
fi.source_record,written_at,timestamptz,No,—,`NOT NULL`,record.written_at,recordingest.SourceRecord.WrittenAtUTC,strict parsed timestamp,Direct JSON,"`spool.Record`, `recordingest.SourceRecord`",`ingestSourceBatch()` — `go/internal/recordingest/postgres_ingest.go`,Canonical source JSONL record envelope + exact raw record bytes
fi.source_record,record_bytes,integer,No,—,`NOT NULL CHECK (record_bytes > 0)`,—,recordingest.SourceRecord.RecordBytes,measured from exact source record bytes,Derived,"`spool.Record`, `recordingest.SourceRecord`",`ingestSourceBatch()` — `go/internal/recordingest/postgres_ingest.go`,Canonical source JSONL record envelope + exact raw record bytes
fi.source_record,record_sha256,bytea,No,—,`NOT NULL CHECK (octet_length(record_sha256) = 32)`,—,recordingest.SourceRecord.RecordSHA256,SHA-256 over exact raw record bytes; hex → 32-byte `bytea`,Derived,"`spool.Record`, `recordingest.SourceRecord`",`ingestSourceBatch()` — `go/internal/recordingest/postgres_ingest.go`,Canonical source JSONL record envelope + exact raw record bytes
fi.source_record,ingested_at,timestamptz,No,—,`NOT NULL DEFAULT clock_timestamp()`,—,—,`DEFAULT clock_timestamp()`,PostgreSQL-generated,"`spool.Record`, `recordingest.SourceRecord`",`ingestSourceBatch()` — `go/internal/recordingest/postgres_ingest.go`,Canonical source JSONL record envelope + exact raw record bytes
fi.source_record,ingest_version,text,No,—,`NOT NULL`,—,recordingest.IngestVersion,Runtime ingest state; not source JSON,Runtime state,"`spool.Record`, `recordingest.SourceRecord`",`ingestSourceBatch()` — `go/internal/recordingest/postgres_ingest.go`,Canonical source JSONL record envelope + exact raw record bytes
fi.ingest_journal,ingest_journal_id,bigint,No,PK,`GENERATED ALWAYS AS IDENTITY`,—,—,`GENERATED ALWAYS AS IDENTITY`,PostgreSQL-generated,"`recordingest.JournalEvent`, `recordingest.IngestResult`",`writeJournalEvent()` / accepted transaction insert — `journal.go` and `postgres_ingest.go`,Ingest-worker runtime state; not collector/recorder source JSON
fi.ingest_journal,attempt_id,text,No,"UQ(attempt_id, event_sequence)",`NOT NULL`,—,JournalEvent.AttemptID / IngestResult.AttemptID,Runtime ingest state; not source JSON,Runtime state,"`recordingest.JournalEvent`, `recordingest.IngestResult`",`writeJournalEvent()` / accepted transaction insert — `journal.go` and `postgres_ingest.go`,Ingest-worker runtime state; not collector/recorder source JSON
fi.ingest_journal,event_sequence,integer,No,"UQ(attempt_id, event_sequence)",`NOT NULL CHECK (event_sequence > 0)`,—,JournalEvent.EventSequence,sequence 1 = attempt start; terminal normally 2,Runtime state,"`recordingest.JournalEvent`, `recordingest.IngestResult`",`writeJournalEvent()` / accepted transaction insert — `journal.go` and `postgres_ingest.go`,Ingest-worker runtime state; not collector/recorder source JSON
fi.ingest_journal,occurred_at,timestamptz,No,—,`NOT NULL DEFAULT clock_timestamp()`,—,—,`DEFAULT clock_timestamp()`,PostgreSQL-generated,"`recordingest.JournalEvent`, `recordingest.IngestResult`",`writeJournalEvent()` / accepted transaction insert — `journal.go` and `postgres_ingest.go`,Ingest-worker runtime state; not collector/recorder source JSON
fi.ingest_journal,source_id,text,Yes,—,`—`,—,JournalEvent.SourceID / IngestResult.SourceID,Runtime ingest state; not source JSON,Runtime state,"`recordingest.JournalEvent`, `recordingest.IngestResult`",`writeJournalEvent()` / accepted transaction insert — `journal.go` and `postgres_ingest.go`,Ingest-worker runtime state; not collector/recorder source JSON
fi.ingest_journal,generation_id,text,Yes,—,`—`,—,JournalEvent.GenerationID / IngestResult.GenerationID,Runtime ingest state; not source JSON,Runtime state,"`recordingest.JournalEvent`, `recordingest.IngestResult`",`writeJournalEvent()` / accepted transaction insert — `journal.go` and `postgres_ingest.go`,Ingest-worker runtime state; not collector/recorder source JSON
fi.ingest_journal,transfer_sha256,bytea,Yes,—,`CHECK (transfer_sha256 IS NULL OR octet_length(transfer_sha256) = 32)`,—,JournalEvent.TransferSHA256 / IngestResult.TransferSHA256,hex text → optional 32-byte `bytea`,Runtime state,"`recordingest.JournalEvent`, `recordingest.IngestResult`",`writeJournalEvent()` / accepted transaction insert — `journal.go` and `postgres_ingest.go`,Ingest-worker runtime state; not collector/recorder source JSON
fi.ingest_journal,outcome,text,No,—,"`NOT NULL CHECK (outcome IN ('Accepted','AlreadyAccepted','Rejected','Failed','Incomplete','Conflict'))`",—,JournalEvent.Outcome / IngestResult.Outcome,Runtime ingest state; not source JSON,Runtime state,"`recordingest.JournalEvent`, `recordingest.IngestResult`",`writeJournalEvent()` / accepted transaction insert — `journal.go` and `postgres_ingest.go`,Ingest-worker runtime state; not collector/recorder source JSON
fi.ingest_journal,stage,text,No,—,`NOT NULL`,—,JournalEvent.Stage / fixed transaction stage,Runtime ingest state; not source JSON,Runtime state,"`recordingest.JournalEvent`, `recordingest.IngestResult`",`writeJournalEvent()` / accepted transaction insert — `journal.go` and `postgres_ingest.go`,Ingest-worker runtime state; not collector/recorder source JSON
fi.ingest_journal,reason_code,text,Yes,—,`—`,—,JournalEvent.ReasonCode,Runtime ingest state; not source JSON,Runtime state,"`recordingest.JournalEvent`, `recordingest.IngestResult`",`writeJournalEvent()` / accepted transaction insert — `journal.go` and `postgres_ingest.go`,Ingest-worker runtime state; not collector/recorder source JSON
fi.ingest_journal,detail,text,Yes,—,`—`,—,JournalEvent.Detail,Runtime ingest state; not source JSON,Runtime state,"`recordingest.JournalEvent`, `recordingest.IngestResult`",`writeJournalEvent()` / accepted transaction insert — `journal.go` and `postgres_ingest.go`,Ingest-worker runtime state; not collector/recorder source JSON
fi.ingest_journal,records_seen,bigint,Yes,—,`CHECK (records_seen IS NULL OR records_seen >= 0)`,—,JournalEvent.RecordsSeen / IngestResult.RecordsSeen,Runtime ingest state; not source JSON,Runtime state,"`recordingest.JournalEvent`, `recordingest.IngestResult`",`writeJournalEvent()` / accepted transaction insert — `journal.go` and `postgres_ingest.go`,Ingest-worker runtime state; not collector/recorder source JSON
fi.ingest_journal,records_committed,bigint,Yes,—,`CHECK (records_committed IS NULL OR records_committed >= 0)`,—,JournalEvent.RecordsCommitted / IngestResult.RecordsCommitted,Runtime ingest state; not source JSON,Runtime state,"`recordingest.JournalEvent`, `recordingest.IngestResult`",`writeJournalEvent()` / accepted transaction insert — `journal.go` and `postgres_ingest.go`,Ingest-worker runtime state; not collector/recorder source JSON
fi.ingest_journal,ingest_version,text,No,—,`NOT NULL`,—,recordingest.IngestVersion,Runtime ingest state; not source JSON,Runtime state,"`recordingest.JournalEvent`, `recordingest.IngestResult`",`writeJournalEvent()` / accepted transaction insert — `journal.go` and `postgres_ingest.go`,Ingest-worker runtime state; not collector/recorder source JSON
fi.ntfs_volume,ntfs_volume_id,bigint,No,PK,`GENERATED ALWAYS AS IDENTITY`,—,—,`GENERATED ALWAYS AS IDENTITY`; helper returns/reuses ID,PostgreSQL-generated,`records.VolumeIdentity`,`ensureNTFSVolume()` — `go/internal/recordingest/projector_ntfs.go`,"Volume identity appearing in FileObservation, USNReadBoundary, or nested USN re-observation"
fi.ntfs_volume,source_id,text,No,"UQ(source_id, volume_guid, volume_serial)",`NOT NULL`,—,sourceID,"comes from recorder generation/source context, not payload",Derived,`records.VolumeIdentity`,`ensureNTFSVolume()` — `go/internal/recordingest/projector_ntfs.go`,"Volume identity appearing in FileObservation, USNReadBoundary, or nested USN re-observation"
fi.ntfs_volume,identity_method_version,text,No,—,`NOT NULL`,payload.…volume_identity.method_version,records.VolumeIdentity.MethodVersion,Direct,Direct JSON,`records.VolumeIdentity`,`ensureNTFSVolume()` — `go/internal/recordingest/projector_ntfs.go`,"Volume identity appearing in FileObservation, USNReadBoundary, or nested USN re-observation"
fi.ntfs_volume,volume_guid,text,No,"UQ(source_id, volume_guid, volume_serial)",`NOT NULL`,payload.…volume_identity.volume_guid,records.VolumeIdentity.VolumeGUID,Direct,Direct JSON,`records.VolumeIdentity`,`ensureNTFSVolume()` — `go/internal/recordingest/projector_ntfs.go`,"Volume identity appearing in FileObservation, USNReadBoundary, or nested USN re-observation"
fi.ntfs_volume,volume_serial,"numeric(20,0)",No,"UQ(source_id, volume_guid, volume_serial)",`NOT NULL CHECK (volume_serial >= 0)`,payload.…volume_identity.volume_serial,records.VolumeIdentity.VolumeSerial,"canonical decimal text → PostgreSQL `numeric(20,0)`",Direct JSON,`records.VolumeIdentity`,`ensureNTFSVolume()` — `go/internal/recordingest/projector_ntfs.go`,"Volume identity appearing in FileObservation, USNReadBoundary, or nested USN re-observation"
fi.ntfs_object,ntfs_object_id,bigint,No,PK,`GENERATED ALWAYS AS IDENTITY`,—,—,`GENERATED ALWAYS AS IDENTITY`; helper returns/reuses ID,PostgreSQL-generated,`records.NTFSObjectIdentity`,`ensureNTFSObject()` — `go/internal/recordingest/projector_ntfs.go`,NTFS object identity appearing as observed/root/parent/file-change identity
fi.ntfs_object,ntfs_volume_id,bigint,No,"UQ(ntfs_volume_id, file_reference_number, sequence_number), FK → fi.ntfs_volume.ntfs_volume_id",`NOT NULL`,—,volumeID,resolved by `ensureNTFSVolume()` or preceding USN boundary,Derived,`records.NTFSObjectIdentity`,`ensureNTFSObject()` — `go/internal/recordingest/projector_ntfs.go`,NTFS object identity appearing as observed/root/parent/file-change identity
fi.ntfs_object,identity_method_version,text,No,—,`NOT NULL`,payload.…object_identity.method_version,records.NTFSObjectIdentity.MethodVersion,Direct,Direct JSON,`records.NTFSObjectIdentity`,`ensureNTFSObject()` — `go/internal/recordingest/projector_ntfs.go`,NTFS object identity appearing as observed/root/parent/file-change identity
fi.ntfs_object,file_reference_number,"numeric(20,0)",No,"UQ(ntfs_volume_id, file_reference_number, sequence_number)",`NOT NULL CHECK (file_reference_number >= 0)`,payload.…object_identity.file_reference_number,records.NTFSObjectIdentity.FileReferenceNumber,"canonical decimal text → `numeric(20,0)`",Direct JSON,`records.NTFSObjectIdentity`,`ensureNTFSObject()` — `go/internal/recordingest/projector_ntfs.go`,NTFS object identity appearing as observed/root/parent/file-change identity
fi.ntfs_object,sequence_number,"numeric(20,0)",No,"UQ(ntfs_volume_id, file_reference_number, sequence_number)",`NOT NULL CHECK (sequence_number >= 0)`,payload.…object_identity.sequence_number,records.NTFSObjectIdentity.SequenceNumber,"canonical decimal text → `numeric(20,0)`",Direct JSON,`records.NTFSObjectIdentity`,`ensureNTFSObject()` — `go/internal/recordingest/projector_ntfs.go`,NTFS object identity appearing as observed/root/parent/file-change identity
fi.governed_root,governed_root_id,bigint,No,PK,`GENERATED ALWAYS AS IDENTITY`,—,—,`GENERATED ALWAYS AS IDENTITY`; helper returns/reuses ID,PostgreSQL-generated,`records.GovernedRootIdentity`,`ensureGovernedRoot()` — `go/internal/recordingest/projector_ntfs.go`,`FileObservation.payload.ntfs_observation.governed_root` (also nested USN NTFS re-observation)
fi.governed_root,source_id,text,No,"UQ(source_id, scope_id, ntfs_volume_id, ntfs_object_id, requested_path_utf16le, resolved_path_utf16le)",`NOT NULL`,—,sourceID,Derived by Go / relational lookup,Derived,`records.GovernedRootIdentity`,`ensureGovernedRoot()` — `go/internal/recordingest/projector_ntfs.go`,`FileObservation.payload.ntfs_observation.governed_root` (also nested USN NTFS re-observation)
fi.governed_root,scope_id,text,No,"UQ(source_id, scope_id, ntfs_volume_id, ntfs_object_id, requested_path_utf16le, resolved_path_utf16le)",`NOT NULL`,payload.ntfs_observation.governed_root.scope_id,records.GovernedRootIdentity.ScopeID,Direct,Direct JSON,`records.GovernedRootIdentity`,`ensureGovernedRoot()` — `go/internal/recordingest/projector_ntfs.go`,`FileObservation.payload.ntfs_observation.governed_root` (also nested USN NTFS re-observation)
fi.governed_root,containment_method_version,text,No,—,`NOT NULL`,payload.ntfs_observation.governed_root.method_version,records.GovernedRootIdentity.MethodVersion,Direct,Direct JSON,`records.GovernedRootIdentity`,`ensureGovernedRoot()` — `go/internal/recordingest/projector_ntfs.go`,`FileObservation.payload.ntfs_observation.governed_root` (also nested USN NTFS re-observation)
fi.governed_root,ntfs_volume_id,bigint,No,"UQ(source_id, scope_id, ntfs_volume_id, ntfs_object_id, requested_path_utf16le, resolved_path_utf16le), FK → fi.ntfs_volume.ntfs_volume_id",`NOT NULL`,—,volumeID,resolved from `GovernedRootIdentity.VolumeIdentity` by `ensureNTFSVolume()`,Derived,`records.GovernedRootIdentity`,`ensureGovernedRoot()` — `go/internal/recordingest/projector_ntfs.go`,`FileObservation.payload.ntfs_observation.governed_root` (also nested USN NTFS re-observation)
fi.governed_root,ntfs_object_id,bigint,No,"UQ(source_id, scope_id, ntfs_volume_id, ntfs_object_id, requested_path_utf16le, resolved_path_utf16le), FK → fi.ntfs_object.ntfs_object_id",`NOT NULL`,—,objectID,resolved from `GovernedRootIdentity.ObjectIdentity` by `ensureNTFSObject()`,Derived,`records.GovernedRootIdentity`,`ensureGovernedRoot()` — `go/internal/recordingest/projector_ntfs.go`,`FileObservation.payload.ntfs_observation.governed_root` (also nested USN NTFS re-observation)
fi.governed_root,requested_path_utf16le,bytea,No,"UQ(source_id, scope_id, ntfs_volume_id, ntfs_object_id, requested_path_utf16le, resolved_path_utf16le)",`NOT NULL`,payload.ntfs_observation.governed_root.requested_path_utf16le_base64url,records.GovernedRootIdentity.RequestedPathUTF16LEBase64URL,base64url → raw UTF-16LE `bytea`,Direct JSON,`records.GovernedRootIdentity`,`ensureGovernedRoot()` — `go/internal/recordingest/projector_ntfs.go`,`FileObservation.payload.ntfs_observation.governed_root` (also nested USN NTFS re-observation)
fi.governed_root,resolved_path_utf16le,bytea,No,"UQ(source_id, scope_id, ntfs_volume_id, ntfs_object_id, requested_path_utf16le, resolved_path_utf16le)",`NOT NULL`,payload.ntfs_observation.governed_root.resolved_path_utf16le_base64url,records.GovernedRootIdentity.ResolvedPathUTF16LEBase64URL,base64url → raw UTF-16LE `bytea`,Direct JSON,`records.GovernedRootIdentity`,`ensureGovernedRoot()` — `go/internal/recordingest/projector_ntfs.go`,`FileObservation.payload.ntfs_observation.governed_root` (also nested USN NTFS re-observation)
fi.file_observation,source_record_id,bigint,No,"PK, FK → fi.source_record.source_record_id",`—`,—,sourceRecordID,PK/FK returned from `fi.source_record`; same ID is reused for projection root,Derived,`ntfs.Observation`,`projectNTFSObservation()` — `go/internal/recordingest/projector_ntfs.go`,`FileObservation.payload.ntfs_observation` or nested `USNObjectObservation.payload.ntfs_observation`
fi.file_observation,governed_root_id,bigint,No,FK → fi.governed_root.governed_root_id,`NOT NULL`,payload.ntfs_observation.governed_root,governedRootID,`records.GovernedRootIdentity` resolved by `ensureGovernedRoot()`,Derived,`ntfs.Observation`,`projectNTFSObservation()` — `go/internal/recordingest/projector_ntfs.go`,`FileObservation.payload.ntfs_observation` or nested `USNObjectObservation.payload.ntfs_observation`
fi.file_observation,ntfs_object_id,bigint,No,FK → fi.ntfs_object.ntfs_object_id,`NOT NULL`,payload.ntfs_observation.object_identity,objectID,`records.NTFSObjectIdentity` resolved by `ensureNTFSObject()`,Derived,`ntfs.Observation`,`projectNTFSObservation()` — `go/internal/recordingest/projector_ntfs.go`,`FileObservation.payload.ntfs_observation` or nested `USNObjectObservation.payload.ntfs_observation`
fi.file_observation,parent_state,text,No,—,"`NOT NULL CHECK (parent_state IN ('Error','GovernedRoot','Present'))`",payload.ntfs_observation.parent_binding.state,ntfs.Observation.ParentBinding.State,enum → text,Direct JSON,`ntfs.Observation`,`projectNTFSObservation()` — `go/internal/recordingest/projector_ntfs.go`,`FileObservation.payload.ntfs_observation` or nested `USNObjectObservation.payload.ntfs_observation`
fi.file_observation,parent_ntfs_object_id,bigint,Yes,FK → fi.ntfs_object.ntfs_object_id,`REFERENCES fi.ntfs_object(ntfs_object_id)`,payload.ntfs_observation.parent_binding.object_identity,parentObjectID,optional `records.NTFSObjectIdentity` resolved by `ensureNTFSObject()`; NULL for root/error states,Derived,`ntfs.Observation`,`projectNTFSObservation()` — `go/internal/recordingest/projector_ntfs.go`,`FileObservation.payload.ntfs_observation` or nested `USNObjectObservation.payload.ntfs_observation`
fi.file_observation,parent_reason_code,text,Yes,—,`—`,payload.ntfs_observation.parent_binding.reason_code,ntfs.Observation.ParentBinding.ReasonCode,empty string → SQL NULL,Direct JSON,`ntfs.Observation`,`projectNTFSObservation()` — `go/internal/recordingest/projector_ntfs.go`,`FileObservation.payload.ntfs_observation` or nested `USNObjectObservation.payload.ntfs_observation`
fi.file_observation,subject_kind,text,No,—,`NOT NULL`,payload.ntfs_observation.subject_kind,ntfs.Observation.SubjectKind,enum → text,Direct JSON,`ntfs.Observation`,`projectNTFSObservation()` — `go/internal/recordingest/projector_ntfs.go`,`FileObservation.payload.ntfs_observation` or nested `USNObjectObservation.payload.ntfs_observation`
fi.file_observation,requested_path_utf16le,bytea,No,—,`NOT NULL`,payload.ntfs_observation.path_binding.requested_path_utf16le_base64url,ntfs.Observation.PathBinding.RequestedPathUTF16LEBase64URL,base64url → raw UTF-16LE `bytea`,Direct JSON,`ntfs.Observation`,`projectNTFSObservation()` — `go/internal/recordingest/projector_ntfs.go`,`FileObservation.payload.ntfs_observation` or nested `USNObjectObservation.payload.ntfs_observation`
fi.file_observation,resolved_path_utf16le,bytea,No,—,`NOT NULL`,payload.ntfs_observation.path_binding.resolved_path_utf16le_base64url,ntfs.Observation.PathBinding.ResolvedPathUTF16LEBase64URL,base64url → raw UTF-16LE `bytea`,Direct JSON,`ntfs.Observation`,`projectNTFSObservation()` — `go/internal/recordingest/projector_ntfs.go`,`FileObservation.payload.ntfs_observation` or nested `USNObjectObservation.payload.ntfs_observation`
fi.file_observation,observed_at,timestamptz,No,—,`NOT NULL`,payload.ntfs_observation.observed_at,ntfs.Observation.ObservedAt,RFC3339 text → `timestamptz`,Direct JSON,`ntfs.Observation`,`projectNTFSObservation()` — `go/internal/recordingest/projector_ntfs.go`,`FileObservation.payload.ntfs_observation` or nested `USNObjectObservation.payload.ntfs_observation`
fi.file_observation,containment_method_version,text,No,—,`NOT NULL`,payload.ntfs_observation.containment.method_version,ntfs.Observation.Containment.MethodVersion,Direct,Direct JSON,`ntfs.Observation`,`projectNTFSObservation()` — `go/internal/recordingest/projector_ntfs.go`,`FileObservation.payload.ntfs_observation` or nested `USNObjectObservation.payload.ntfs_observation`
fi.file_observation,collection_entry_method,text,No,—,`NOT NULL`,payload.ntfs_observation.collection_entry_method,ntfs.Observation.CollectionEntryMethod,enum → text,Direct JSON,`ntfs.Observation`,`projectNTFSObservation()` — `go/internal/recordingest/projector_ntfs.go`,`FileObservation.payload.ntfs_observation` or nested `USNObjectObservation.payload.ntfs_observation`
fi.file_observation,collection_method,text,No,—,`NOT NULL`,payload.ntfs_observation.collection_method,ntfs.Observation.CollectionMethod,enum → text,Direct JSON,`ntfs.Observation`,`projectNTFSObservation()` — `go/internal/recordingest/projector_ntfs.go`,`FileObservation.payload.ntfs_observation` or nested `USNObjectObservation.payload.ntfs_observation`
fi.file_observation,observation_status,text,No,—,`NOT NULL`,payload.ntfs_observation.observation_status,ntfs.Observation.ObservationStatus,enum → text,Direct JSON,`ntfs.Observation`,`projectNTFSObservation()` — `go/internal/recordingest/projector_ntfs.go`,`FileObservation.payload.ntfs_observation` or nested `USNObjectObservation.payload.ntfs_observation`
fi.file_metadata_observation,source_record_id,bigint,No,"PK, FK → fi.file_observation.source_record_id",`—`,—,sourceRecordID,Derived by Go / relational lookup,Derived,`records.MetadataObservation`,`projectFileMetadata()` — `projector_ntfs.go`,`payload.ntfs_observation.metadata`
fi.file_metadata_observation,logical_size,"numeric(20,0)",No,—,`NOT NULL CHECK (logical_size >= 0)`,payload.ntfs_observation.metadata.logical_size,records.MetadataObservation.LogicalSize,Direct,Direct JSON,`records.MetadataObservation`,`projectFileMetadata()` — `projector_ntfs.go`,`payload.ntfs_observation.metadata`
fi.file_metadata_observation,allocated_size,"numeric(20,0)",No,—,`NOT NULL CHECK (allocated_size >= 0)`,payload.ntfs_observation.metadata.allocated_size,records.MetadataObservation.AllocatedSize,Direct,Direct JSON,`records.MetadataObservation`,`projectFileMetadata()` — `projector_ntfs.go`,`payload.ntfs_observation.metadata`
fi.file_metadata_observation,creation_time,timestamptz,No,—,`NOT NULL`,payload.ntfs_observation.metadata.creation_time,records.MetadataObservation.CreationTime,RFC3339 → `timestamptz`,Direct JSON,`records.MetadataObservation`,`projectFileMetadata()` — `projector_ntfs.go`,`payload.ntfs_observation.metadata`
fi.file_metadata_observation,last_write_time,timestamptz,No,—,`NOT NULL`,payload.ntfs_observation.metadata.last_write_time,records.MetadataObservation.LastWriteTime,RFC3339 → `timestamptz`,Direct JSON,`records.MetadataObservation`,`projectFileMetadata()` — `projector_ntfs.go`,`payload.ntfs_observation.metadata`
fi.file_metadata_observation,change_time,timestamptz,No,—,`NOT NULL`,payload.ntfs_observation.metadata.change_time,records.MetadataObservation.ChangeTime,RFC3339 → `timestamptz`,Direct JSON,`records.MetadataObservation`,`projectFileMetadata()` — `projector_ntfs.go`,`payload.ntfs_observation.metadata`
fi.file_metadata_observation,last_access_time,timestamptz,No,—,`NOT NULL`,payload.ntfs_observation.metadata.last_access_time,records.MetadataObservation.LastAccessTime,RFC3339 → `timestamptz`,Direct JSON,`records.MetadataObservation`,`projectFileMetadata()` — `projector_ntfs.go`,`payload.ntfs_observation.metadata`
fi.file_metadata_observation,raw_attributes,bigint,No,—,`NOT NULL CHECK (raw_attributes >= 0)`,payload.ntfs_observation.metadata.raw_attributes,records.MetadataObservation.RawAttributes,decimal text → uint32 → `bigint`,Direct JSON,`records.MetadataObservation`,`projectFileMetadata()` — `projector_ntfs.go`,`payload.ntfs_observation.metadata`
fi.file_metadata_observation,link_count,bigint,No,—,`NOT NULL CHECK (link_count >= 0)`,payload.ntfs_observation.metadata.link_count,records.MetadataObservation.LinkCount,decimal text → uint32 → `bigint`,Direct JSON,`records.MetadataObservation`,`projectFileMetadata()` — `projector_ntfs.go`,`payload.ntfs_observation.metadata`
fi.content_hash_observation,source_record_id,bigint,No,"PK, FK → fi.file_observation.source_record_id",`—`,—,sourceRecordID,Derived by Go / relational lookup,Derived,`records.ContentHashObservation`,`projectContentHashes()` — `projector_ntfs.go`,`FileObservation.payload.content_hashes` or `USNObjectObservation.payload.content_hashes`
fi.content_hash_observation,state,text,No,—,"`NOT NULL CHECK (state IN ('Error','NotApplicable','Present'))`",payload.content_hashes.state,records.ContentHashObservation.State,enum → text,Direct JSON,`records.ContentHashObservation`,`projectContentHashes()` — `projector_ntfs.go`,`FileObservation.payload.content_hashes` or `USNObjectObservation.payload.content_hashes`
fi.content_hash_observation,bytes_hashed,"numeric(20,0)",Yes,—,`CHECK (bytes_hashed IS NULL OR bytes_hashed >= 0)`,payload.content_hashes.bytes_hashed,records.ContentHashObservation.BytesHashed,"canonical decimal text → `numeric(20,0)`; NULL unless Present",Direct JSON,`records.ContentHashObservation`,`projectContentHashes()` — `projector_ntfs.go`,`FileObservation.payload.content_hashes` or `USNObjectObservation.payload.content_hashes`
fi.content_hash_observation,md5,bytea,Yes,—,`CHECK (md5 IS NULL OR octet_length(md5) = 16)`,payload.content_hashes.md5,records.ContentHashObservation.MD5,hex → 16-byte `bytea`; NULL unless Present,Direct JSON,`records.ContentHashObservation`,`projectContentHashes()` — `projector_ntfs.go`,`FileObservation.payload.content_hashes` or `USNObjectObservation.payload.content_hashes`
fi.content_hash_observation,sha1,bytea,Yes,—,`CHECK (sha1 IS NULL OR octet_length(sha1) = 20)`,payload.content_hashes.sha1,records.ContentHashObservation.SHA1,hex → 20-byte `bytea`; NULL unless Present,Direct JSON,`records.ContentHashObservation`,`projectContentHashes()` — `projector_ntfs.go`,`FileObservation.payload.content_hashes` or `USNObjectObservation.payload.content_hashes`
fi.content_hash_observation,sha256,bytea,Yes,—,`CHECK (sha256 IS NULL OR octet_length(sha256) = 32)`,payload.content_hashes.sha256,records.ContentHashObservation.SHA256,hex → 32-byte `bytea`; NULL unless Present,Direct JSON,`records.ContentHashObservation`,`projectContentHashes()` — `projector_ntfs.go`,`FileObservation.payload.content_hashes` or `USNObjectObservation.payload.content_hashes`
fi.content_hash_observation,reason_code,text,Yes,—,`—`,payload.content_hashes.reason_code,records.ContentHashObservation.ReasonCode,empty → NULL,Direct JSON,`records.ContentHashObservation`,`projectContentHashes()` — `projector_ntfs.go`,`FileObservation.payload.content_hashes` or `USNObjectObservation.payload.content_hashes`
fi.content_hash_observation,detail,text,Yes,—,`—`,payload.content_hashes.detail,records.ContentHashObservation.Detail,empty → NULL,Direct JSON,`records.ContentHashObservation`,`projectContentHashes()` — `projector_ntfs.go`,`FileObservation.payload.content_hashes` or `USNObjectObservation.payload.content_hashes`
fi.content_prefix_observation,source_record_id,bigint,No,"PK, FK → fi.file_observation.source_record_id",`—`,—,sourceRecordID,Derived by Go / relational lookup,Derived,`records.ContentPrefixObservation`,`projectContentPrefix()` — `projector_ntfs.go`,`payload.ntfs_observation.content_prefix`
fi.content_prefix_observation,state,text,No,—,"`NOT NULL CHECK (state IN ('Error','NotApplicable','Present'))`",payload.ntfs_observation.content_prefix.state,records.ContentPrefixObservation.State,enum → text,Direct JSON,`records.ContentPrefixObservation`,`projectContentPrefix()` — `projector_ntfs.go`,`payload.ntfs_observation.content_prefix`
fi.content_prefix_observation,bytes_observed,smallint,Yes,—,`CHECK (bytes_observed IS NULL OR (bytes_observed >= 0 AND bytes_observed <= 16))`,payload.ntfs_observation.content_prefix.bytes_observed,records.ContentPrefixObservation.BytesObserved,decimal text → uint → `smallint`; validated ≤16,Direct JSON,`records.ContentPrefixObservation`,`projectContentPrefix()` — `projector_ntfs.go`,`payload.ntfs_observation.content_prefix`
fi.content_prefix_observation,prefix_bytes,bytea,Yes,—,`CHECK (prefix_bytes IS NULL OR octet_length(prefix_bytes) <= 16)`,payload.ntfs_observation.content_prefix.prefix_base64url,records.ContentPrefixObservation.PrefixBase64URL,base64url → `bytea`; length must equal bytes_observed,Direct JSON,`records.ContentPrefixObservation`,`projectContentPrefix()` — `projector_ntfs.go`,`payload.ntfs_observation.content_prefix`
fi.content_prefix_observation,reason_code,text,Yes,—,`—`,payload.ntfs_observation.content_prefix.reason_code,records.ContentPrefixObservation.ReasonCode,empty → NULL,Direct JSON,`records.ContentPrefixObservation`,`projectContentPrefix()` — `projector_ntfs.go`,`payload.ntfs_observation.content_prefix`
fi.content_prefix_observation,detail,text,Yes,—,`—`,payload.ntfs_observation.content_prefix.detail,records.ContentPrefixObservation.Detail,empty → NULL,Direct JSON,`records.ContentPrefixObservation`,`projectContentPrefix()` — `projector_ntfs.go`,`payload.ntfs_observation.content_prefix`
fi.reparse_observation,source_record_id,bigint,No,"PK, FK → fi.file_observation.source_record_id",`—`,—,sourceRecordID,Derived by Go / relational lookup,Derived,`records.ReparseObservation`,`projectReparseObservation()` — `projector_ntfs.go`,`payload.ntfs_observation.reparse`
fi.reparse_observation,state,text,No,—,`NOT NULL`,payload.ntfs_observation.reparse.state,records.ReparseObservation.State,Direct,Direct JSON,`records.ReparseObservation`,`projectReparseObservation()` — `projector_ntfs.go`,`payload.ntfs_observation.reparse`
fi.reparse_observation,data_state,text,No,—,`NOT NULL`,payload.ntfs_observation.reparse.data_state,records.ReparseObservation.DataState,Direct,Direct JSON,`records.ReparseObservation`,`projectReparseObservation()` — `projector_ntfs.go`,`payload.ntfs_observation.reparse`
fi.reparse_observation,data_format,text,No,—,`NOT NULL`,payload.ntfs_observation.reparse.data_format,records.ReparseObservation.DataFormat,Direct,Direct JSON,`records.ReparseObservation`,`projectReparseObservation()` — `projector_ntfs.go`,`payload.ntfs_observation.reparse`
fi.reparse_observation,tag,bigint,Yes,—,`—`,payload.ntfs_observation.reparse.tag,records.ReparseObservation.Tag,flexible numeric text → uint32 → `bigint`,Direct JSON,`records.ReparseObservation`,`projectReparseObservation()` — `projector_ntfs.go`,`payload.ntfs_observation.reparse`
fi.reparse_observation,tag_name,text,Yes,—,`—`,payload.ntfs_observation.reparse.tag_name,records.ReparseObservation.TagName,Direct,Direct JSON,`records.ReparseObservation`,`projectReparseObservation()` — `projector_ntfs.go`,`payload.ntfs_observation.reparse`
fi.reparse_observation,raw_buffer,bytea,Yes,—,`—`,payload.ntfs_observation.reparse.raw_buffer_base64url,records.ReparseObservation.RawBufferBase64URL,base64url → `bytea`,Direct JSON,`records.ReparseObservation`,`projectReparseObservation()` — `projector_ntfs.go`,`payload.ntfs_observation.reparse`
fi.reparse_observation,substitute_name_utf16le,bytea,Yes,—,`—`,payload.ntfs_observation.reparse.substitute_name_utf16le_base64url,records.ReparseObservation.SubstituteNameUTF16LEBase64URL,base64url → UTF-16LE `bytea`,Direct JSON,`records.ReparseObservation`,`projectReparseObservation()` — `projector_ntfs.go`,`payload.ntfs_observation.reparse`
fi.reparse_observation,print_name_utf16le,bytea,Yes,—,`—`,payload.ntfs_observation.reparse.print_name_utf16le_base64url,records.ReparseObservation.PrintNameUTF16LEBase64URL,base64url → UTF-16LE `bytea`,Direct JSON,`records.ReparseObservation`,`projectReparseObservation()` — `projector_ntfs.go`,`payload.ntfs_observation.reparse`
fi.reparse_observation,symbolic_link_flags,bigint,Yes,—,`—`,payload.ntfs_observation.reparse.symbolic_link_flags,records.ReparseObservation.SymbolicLinkFlags,numeric text → uint32 → `bigint`,Direct JSON,`records.ReparseObservation`,`projectReparseObservation()` — `projector_ntfs.go`,`payload.ntfs_observation.reparse`
fi.reparse_observation,reason_code,text,Yes,—,`—`,payload.ntfs_observation.reparse.reason_code,records.ReparseObservation.ReasonCode,Direct,Direct JSON,`records.ReparseObservation`,`projectReparseObservation()` — `projector_ntfs.go`,`payload.ntfs_observation.reparse`
fi.stream_inventory,source_record_id,bigint,No,"PK, FK → fi.file_observation.source_record_id",`—`,—,sourceRecordID,Derived by Go / relational lookup,Derived,`records.StreamInventory`,`projectStreamInventory()` — `projector_ntfs.go`,`payload.ntfs_observation.stream_inventory`
fi.stream_inventory,state,text,No,—,`NOT NULL`,payload.ntfs_observation.stream_inventory.state,records.StreamInventory.State,Direct,Direct JSON,`records.StreamInventory`,`projectStreamInventory()` — `projector_ntfs.go`,`payload.ntfs_observation.stream_inventory`
fi.stream_inventory,reason_code,text,Yes,—,`—`,payload.ntfs_observation.stream_inventory.reason_code,records.StreamInventory.ReasonCode,Direct,Direct JSON,`records.StreamInventory`,`projectStreamInventory()` — `projector_ntfs.go`,`payload.ntfs_observation.stream_inventory`
fi.stream_observation,source_record_id,bigint,No,"PK, FK → fi.stream_inventory.source_record_id",`NOT NULL`,—,sourceRecordID,Derived by Go / relational lookup,Derived,"`records.StreamObservation`, `records.StreamIdentity`",`projectStreamInventory()` — `projector_ntfs.go`,`payload.ntfs_observation.stream_inventory.streams[*]`
fi.stream_observation,stream_ordinal,integer,No,PK,`NOT NULL CHECK (stream_ordinal > 0)`,—,i + 1,Derived by Go / relational lookup,Derived,"`records.StreamObservation`, `records.StreamIdentity`",`projectStreamInventory()` — `projector_ntfs.go`,`payload.ntfs_observation.stream_inventory.streams[*]`
fi.stream_observation,kind,text,No,—,`NOT NULL`,payload.ntfs_observation.stream_inventory.streams[*].identity.kind,records.StreamObservation.Identity.Kind,enum → text,Direct JSON,"`records.StreamObservation`, `records.StreamIdentity`",`projectStreamInventory()` — `projector_ntfs.go`,`payload.ntfs_observation.stream_inventory.streams[*]`
fi.stream_observation,name_utf16le,bytea,Yes,—,`—`,payload.ntfs_observation.stream_inventory.streams[*].identity.name_utf16le_base64url,records.StreamObservation.Identity.NameUTF16LEBase64URL,base64url → optional `bytea`,Direct JSON,"`records.StreamObservation`, `records.StreamIdentity`",`projectStreamInventory()` — `projector_ntfs.go`,`payload.ntfs_observation.stream_inventory.streams[*]`
fi.stream_observation,stream_type,text,Yes,—,`—`,payload.ntfs_observation.stream_inventory.streams[*].identity.stream_type,records.StreamObservation.Identity.StreamType,empty → NULL,Direct JSON,"`records.StreamObservation`, `records.StreamIdentity`",`projectStreamInventory()` — `projector_ntfs.go`,`payload.ntfs_observation.stream_inventory.streams[*]`
fi.stream_observation,raw_name_utf16le,bytea,No,—,`NOT NULL`,payload.ntfs_observation.stream_inventory.streams[*].identity.raw_name_utf16le_base64url,records.StreamObservation.Identity.RawNameUTF16LEBase64URL,base64url → required `bytea`,Direct JSON,"`records.StreamObservation`, `records.StreamIdentity`",`projectStreamInventory()` — `projector_ntfs.go`,`payload.ntfs_observation.stream_inventory.streams[*]`
fi.stream_observation,logical_size,"numeric(20,0)",No,—,`NOT NULL CHECK (logical_size >= 0)`,payload.ntfs_observation.stream_inventory.streams[*].logical_size,records.StreamObservation.LogicalSize,"canonical decimal text → `numeric(20,0)`",Direct JSON,"`records.StreamObservation`, `records.StreamIdentity`",`projectStreamInventory()` — `projector_ntfs.go`,`payload.ntfs_observation.stream_inventory.streams[*]`
fi.stream_observation,allocated_size,"numeric(20,0)",No,—,`NOT NULL CHECK (allocated_size >= 0)`,payload.ntfs_observation.stream_inventory.streams[*].allocated_size,records.StreamObservation.AllocatedSize,"canonical decimal text → `numeric(20,0)`",Direct JSON,"`records.StreamObservation`, `records.StreamIdentity`",`projectStreamInventory()` — `projector_ntfs.go`,`payload.ntfs_observation.stream_inventory.streams[*]`
fi.security_observation,source_record_id,bigint,No,"PK, FK → fi.file_observation.source_record_id",`—`,—,sourceRecordID,Derived by Go / relational lookup,Derived,"`records.SecurityObservation`, `records.ACLObservation`",`projectSecurityObservation()` — `projector_ntfs.go`,`payload.ntfs_observation.security`
fi.security_observation,state,text,No,—,`NOT NULL`,payload.ntfs_observation.security.state,records.SecurityObservation.State,enum → text,Direct JSON,"`records.SecurityObservation`, `records.ACLObservation`",`projectSecurityObservation()` — `projector_ntfs.go`,`payload.ntfs_observation.security`
fi.security_observation,data_format,text,No,—,`NOT NULL`,payload.ntfs_observation.security.data_format,records.SecurityObservation.DataFormat,enum → text,Direct JSON,"`records.SecurityObservation`, `records.ACLObservation`",`projectSecurityObservation()` — `projector_ntfs.go`,`payload.ntfs_observation.security`
fi.security_observation,raw_descriptor,bytea,Yes,—,`—`,payload.ntfs_observation.security.raw_descriptor_base64url,records.SecurityObservation.RawDescriptorBase64URL,base64url → `bytea`,Direct JSON,"`records.SecurityObservation`, `records.ACLObservation`",`projectSecurityObservation()` — `projector_ntfs.go`,`payload.ntfs_observation.security`
fi.security_observation,revision,smallint,Yes,—,`—`,payload.ntfs_observation.security.revision,records.SecurityObservation.Revision,optional numeric text → uint8,Direct JSON,"`records.SecurityObservation`, `records.ACLObservation`",`projectSecurityObservation()` — `projector_ntfs.go`,`payload.ntfs_observation.security`
fi.security_observation,control,integer,Yes,—,`—`,payload.ntfs_observation.security.control,records.SecurityObservation.Control,optional numeric text → uint16,Direct JSON,"`records.SecurityObservation`, `records.ACLObservation`",`projectSecurityObservation()` — `projector_ntfs.go`,`payload.ntfs_observation.security`
fi.security_observation,owner_sid,text,Yes,—,`—`,payload.ntfs_observation.security.owner_sid,records.SecurityObservation.OwnerSID,empty → NULL,Direct JSON,"`records.SecurityObservation`, `records.ACLObservation`",`projectSecurityObservation()` — `projector_ntfs.go`,`payload.ntfs_observation.security`
fi.security_observation,primary_group_sid,text,Yes,—,`—`,payload.ntfs_observation.security.primary_group_sid,records.SecurityObservation.PrimaryGroupSID,empty → NULL,Direct JSON,"`records.SecurityObservation`, `records.ACLObservation`",`projectSecurityObservation()` — `projector_ntfs.go`,`payload.ntfs_observation.security`
fi.security_observation,acl_state,text,Yes,—,`—`,payload.ntfs_observation.security.dacl.state,records.SecurityObservation.DACL.State,enum → text,Direct JSON,"`records.SecurityObservation`, `records.ACLObservation`",`projectSecurityObservation()` — `projector_ntfs.go`,`payload.ntfs_observation.security`
fi.security_observation,acl_revision,smallint,Yes,—,`—`,payload.ntfs_observation.security.dacl.revision,records.SecurityObservation.DACL.Revision,optional numeric text → uint8,Direct JSON,"`records.SecurityObservation`, `records.ACLObservation`",`projectSecurityObservation()` — `projector_ntfs.go`,`payload.ntfs_observation.security`
fi.security_observation,acl_size,integer,Yes,—,`—`,payload.ntfs_observation.security.dacl.size,records.SecurityObservation.DACL.Size,optional numeric text → uint32,Direct JSON,"`records.SecurityObservation`, `records.ACLObservation`",`projectSecurityObservation()` — `projector_ntfs.go`,`payload.ntfs_observation.security`
fi.security_observation,reason_code,text,Yes,—,`—`,payload.ntfs_observation.security.reason_code,records.SecurityObservation.ReasonCode,empty → NULL,Direct JSON,"`records.SecurityObservation`, `records.ACLObservation`",`projectSecurityObservation()` — `projector_ntfs.go`,`payload.ntfs_observation.security`
fi.security_ace,source_record_id,bigint,No,"PK, FK → fi.security_observation.source_record_id",`NOT NULL`,—,sourceRecordID,Derived by Go / relational lookup,Derived,`records.ACEObservation`,"`projectSecurityACE(..., ""fi.security_ace"", ...)` — `projector_ntfs.go`",`payload.ntfs_observation.security.dacl.aces[*]`
fi.security_ace,ace_ordinal,integer,No,PK,`NOT NULL CHECK (ace_ordinal >= 0)`,payload.ntfs_observation.security.dacl.aces[*].index,records.ACEObservation.Index,numeric text → uint32 → integer,Direct JSON,`records.ACEObservation`,"`projectSecurityACE(..., ""fi.security_ace"", ...)` — `projector_ntfs.go`",`payload.ntfs_observation.security.dacl.aces[*]`
fi.security_ace,ace_type,integer,No,—,`NOT NULL`,payload.ntfs_observation.security.dacl.aces[*].type,records.ACEObservation.Type,numeric text → uint8 → integer,Direct JSON,`records.ACEObservation`,"`projectSecurityACE(..., ""fi.security_ace"", ...)` — `projector_ntfs.go`",`payload.ntfs_observation.security.dacl.aces[*]`
fi.security_ace,type_name,text,No,—,`NOT NULL`,payload.ntfs_observation.security.dacl.aces[*].type_name,records.ACEObservation.TypeName,Direct,Direct JSON,`records.ACEObservation`,"`projectSecurityACE(..., ""fi.security_ace"", ...)` — `projector_ntfs.go`",`payload.ntfs_observation.security.dacl.aces[*]`
fi.security_ace,flags,integer,No,—,`NOT NULL`,payload.ntfs_observation.security.dacl.aces[*].flags,records.ACEObservation.Flags,numeric text → uint8 → integer,Direct JSON,`records.ACEObservation`,"`projectSecurityACE(..., ""fi.security_ace"", ...)` — `projector_ntfs.go`",`payload.ntfs_observation.security.dacl.aces[*]`
fi.security_ace,ace_size,integer,No,—,`NOT NULL CHECK (ace_size > 0)`,payload.ntfs_observation.security.dacl.aces[*].size,records.ACEObservation.Size,numeric text → uint16 → integer,Direct JSON,`records.ACEObservation`,"`projectSecurityACE(..., ""fi.security_ace"", ...)` — `projector_ntfs.go`",`payload.ntfs_observation.security.dacl.aces[*]`
fi.security_ace,raw_ace,bytea,No,—,`NOT NULL`,payload.ntfs_observation.security.dacl.aces[*].raw_base64url,records.ACEObservation.RawBase64URL,base64url → `bytea`,Direct JSON,`records.ACEObservation`,"`projectSecurityACE(..., ""fi.security_ace"", ...)` — `projector_ntfs.go`",`payload.ntfs_observation.security.dacl.aces[*]`
fi.security_ace,access_mask,bigint,Yes,—,`—`,payload.ntfs_observation.security.dacl.aces[*].mask,records.ACEObservation.Mask,optional numeric text → uint32 → `bigint`,Direct JSON,`records.ACEObservation`,"`projectSecurityACE(..., ""fi.security_ace"", ...)` — `projector_ntfs.go`",`payload.ntfs_observation.security.dacl.aces[*]`
fi.security_ace,object_flags,bigint,Yes,—,`—`,payload.ntfs_observation.security.dacl.aces[*].object_flags,records.ACEObservation.ObjectFlags,optional numeric text → uint32 → `bigint`,Direct JSON,`records.ACEObservation`,"`projectSecurityACE(..., ""fi.security_ace"", ...)` — `projector_ntfs.go`",`payload.ntfs_observation.security.dacl.aces[*]`
fi.security_ace,object_type_guid,uuid,Yes,—,`—`,payload.ntfs_observation.security.dacl.aces[*].object_type_guid,records.ACEObservation.ObjectTypeGUID,empty → NULL; text cast to UUID,Direct JSON,`records.ACEObservation`,"`projectSecurityACE(..., ""fi.security_ace"", ...)` — `projector_ntfs.go`",`payload.ntfs_observation.security.dacl.aces[*]`
fi.security_ace,inherited_object_type_guid,uuid,Yes,—,`—`,payload.ntfs_observation.security.dacl.aces[*].inherited_object_type_guid,records.ACEObservation.InheritedObjectTypeGUID,empty → NULL; text cast to UUID,Direct JSON,`records.ACEObservation`,"`projectSecurityACE(..., ""fi.security_ace"", ...)` — `projector_ntfs.go`",`payload.ntfs_observation.security.dacl.aces[*]`
fi.security_ace,sid,text,Yes,—,`—`,payload.ntfs_observation.security.dacl.aces[*].sid,records.ACEObservation.SID,empty → NULL,Direct JSON,`records.ACEObservation`,"`projectSecurityACE(..., ""fi.security_ace"", ...)` — `projector_ntfs.go`",`payload.ntfs_observation.security.dacl.aces[*]`
fi.sacl_observation,source_record_id,bigint,No,"PK, FK → fi.file_observation.source_record_id",`—`,—,sourceRecordID,Derived by Go / relational lookup,Derived,"`records.SACLObservation`, `records.ACLObservation`",`projectSACLObservation()` — `projector_ntfs.go`,`payload.ntfs_observation.sacl`
fi.sacl_observation,state,text,No,—,`NOT NULL`,payload.ntfs_observation.sacl.state,records.SACLObservation.State,enum → text,Direct JSON,"`records.SACLObservation`, `records.ACLObservation`",`projectSACLObservation()` — `projector_ntfs.go`,`payload.ntfs_observation.sacl`
fi.sacl_observation,data_format,text,No,—,`NOT NULL`,payload.ntfs_observation.sacl.data_format,records.SACLObservation.DataFormat,enum → text,Direct JSON,"`records.SACLObservation`, `records.ACLObservation`",`projectSACLObservation()` — `projector_ntfs.go`,`payload.ntfs_observation.sacl`
fi.sacl_observation,raw_descriptor,bytea,Yes,—,`—`,payload.ntfs_observation.sacl.raw_descriptor_base64url,records.SACLObservation.RawDescriptorBase64URL,base64url → `bytea`,Direct JSON,"`records.SACLObservation`, `records.ACLObservation`",`projectSACLObservation()` — `projector_ntfs.go`,`payload.ntfs_observation.sacl`
fi.sacl_observation,revision,smallint,Yes,—,`—`,payload.ntfs_observation.sacl.revision,records.SACLObservation.Revision,optional numeric text → uint8,Direct JSON,"`records.SACLObservation`, `records.ACLObservation`",`projectSACLObservation()` — `projector_ntfs.go`,`payload.ntfs_observation.sacl`
fi.sacl_observation,control,integer,Yes,—,`—`,payload.ntfs_observation.sacl.control,records.SACLObservation.Control,optional numeric text → uint16,Direct JSON,"`records.SACLObservation`, `records.ACLObservation`",`projectSACLObservation()` — `projector_ntfs.go`,`payload.ntfs_observation.sacl`
fi.sacl_observation,acl_state,text,Yes,—,`—`,payload.ntfs_observation.sacl.acl.state,records.SACLObservation.ACL.State,enum → text,Direct JSON,"`records.SACLObservation`, `records.ACLObservation`",`projectSACLObservation()` — `projector_ntfs.go`,`payload.ntfs_observation.sacl`
fi.sacl_observation,acl_revision,smallint,Yes,—,`—`,payload.ntfs_observation.sacl.acl.revision,records.SACLObservation.ACL.Revision,optional numeric text → uint8,Direct JSON,"`records.SACLObservation`, `records.ACLObservation`",`projectSACLObservation()` — `projector_ntfs.go`,`payload.ntfs_observation.sacl`
fi.sacl_observation,acl_size,integer,Yes,—,`—`,payload.ntfs_observation.sacl.acl.size,records.SACLObservation.ACL.Size,optional numeric text → uint32,Direct JSON,"`records.SACLObservation`, `records.ACLObservation`",`projectSACLObservation()` — `projector_ntfs.go`,`payload.ntfs_observation.sacl`
fi.sacl_observation,reason_code,text,Yes,—,`—`,payload.ntfs_observation.sacl.reason_code,records.SACLObservation.ReasonCode,empty → NULL,Direct JSON,"`records.SACLObservation`, `records.ACLObservation`",`projectSACLObservation()` — `projector_ntfs.go`,`payload.ntfs_observation.sacl`
fi.sacl_ace,source_record_id,bigint,No,"PK, FK → fi.sacl_observation.source_record_id",`NOT NULL`,—,sourceRecordID,Derived by Go / relational lookup,Derived,`records.ACEObservation`,"`projectSecurityACE(..., ""fi.sacl_ace"", ...)` — `projector_ntfs.go`",`payload.ntfs_observation.sacl.acl.aces[*]`
fi.sacl_ace,ace_ordinal,integer,No,PK,`NOT NULL CHECK (ace_ordinal >= 0)`,payload.ntfs_observation.sacl.acl.aces[*].index,records.ACEObservation.Index,numeric text → uint32 → integer,Direct JSON,`records.ACEObservation`,"`projectSecurityACE(..., ""fi.sacl_ace"", ...)` — `projector_ntfs.go`",`payload.ntfs_observation.sacl.acl.aces[*]`
fi.sacl_ace,ace_type,integer,No,—,`NOT NULL`,payload.ntfs_observation.sacl.acl.aces[*].type,records.ACEObservation.Type,numeric text → uint8 → integer,Direct JSON,`records.ACEObservation`,"`projectSecurityACE(..., ""fi.sacl_ace"", ...)` — `projector_ntfs.go`",`payload.ntfs_observation.sacl.acl.aces[*]`
fi.sacl_ace,type_name,text,No,—,`NOT NULL`,payload.ntfs_observation.sacl.acl.aces[*].type_name,records.ACEObservation.TypeName,Direct,Direct JSON,`records.ACEObservation`,"`projectSecurityACE(..., ""fi.sacl_ace"", ...)` — `projector_ntfs.go`",`payload.ntfs_observation.sacl.acl.aces[*]`
fi.sacl_ace,flags,integer,No,—,`NOT NULL`,payload.ntfs_observation.sacl.acl.aces[*].flags,records.ACEObservation.Flags,numeric text → uint8 → integer,Direct JSON,`records.ACEObservation`,"`projectSecurityACE(..., ""fi.sacl_ace"", ...)` — `projector_ntfs.go`",`payload.ntfs_observation.sacl.acl.aces[*]`
fi.sacl_ace,ace_size,integer,No,—,`NOT NULL CHECK (ace_size > 0)`,payload.ntfs_observation.sacl.acl.aces[*].size,records.ACEObservation.Size,numeric text → uint16 → integer,Direct JSON,`records.ACEObservation`,"`projectSecurityACE(..., ""fi.sacl_ace"", ...)` — `projector_ntfs.go`",`payload.ntfs_observation.sacl.acl.aces[*]`
fi.sacl_ace,raw_ace,bytea,No,—,`NOT NULL`,payload.ntfs_observation.sacl.acl.aces[*].raw_base64url,records.ACEObservation.RawBase64URL,base64url → `bytea`,Direct JSON,`records.ACEObservation`,"`projectSecurityACE(..., ""fi.sacl_ace"", ...)` — `projector_ntfs.go`",`payload.ntfs_observation.sacl.acl.aces[*]`
fi.sacl_ace,access_mask,bigint,Yes,—,`—`,payload.ntfs_observation.sacl.acl.aces[*].mask,records.ACEObservation.Mask,optional numeric text → uint32 → `bigint`,Direct JSON,`records.ACEObservation`,"`projectSecurityACE(..., ""fi.sacl_ace"", ...)` — `projector_ntfs.go`",`payload.ntfs_observation.sacl.acl.aces[*]`
fi.sacl_ace,object_flags,bigint,Yes,—,`—`,payload.ntfs_observation.sacl.acl.aces[*].object_flags,records.ACEObservation.ObjectFlags,optional numeric text → uint32 → `bigint`,Direct JSON,`records.ACEObservation`,"`projectSecurityACE(..., ""fi.sacl_ace"", ...)` — `projector_ntfs.go`",`payload.ntfs_observation.sacl.acl.aces[*]`
fi.sacl_ace,object_type_guid,uuid,Yes,—,`—`,payload.ntfs_observation.sacl.acl.aces[*].object_type_guid,records.ACEObservation.ObjectTypeGUID,empty → NULL; text cast to UUID,Direct JSON,`records.ACEObservation`,"`projectSecurityACE(..., ""fi.sacl_ace"", ...)` — `projector_ntfs.go`",`payload.ntfs_observation.sacl.acl.aces[*]`
fi.sacl_ace,inherited_object_type_guid,uuid,Yes,—,`—`,payload.ntfs_observation.sacl.acl.aces[*].inherited_object_type_guid,records.ACEObservation.InheritedObjectTypeGUID,empty → NULL; text cast to UUID,Direct JSON,`records.ACEObservation`,"`projectSecurityACE(..., ""fi.sacl_ace"", ...)` — `projector_ntfs.go`",`payload.ntfs_observation.sacl.acl.aces[*]`
fi.sacl_ace,sid,text,Yes,—,`—`,payload.ntfs_observation.sacl.acl.aces[*].sid,records.ACEObservation.SID,empty → NULL,Direct JSON,`records.ACEObservation`,"`projectSecurityACE(..., ""fi.sacl_ace"", ...)` — `projector_ntfs.go`",`payload.ntfs_observation.sacl.acl.aces[*]`
fi.observation_warning,source_record_id,bigint,No,"PK, FK → fi.file_observation.source_record_id",`NOT NULL`,—,sourceRecordID,Derived by Go / relational lookup,Derived,`records.ObservationWarning`,`projectNTFSObservation()` — `projector_ntfs.go`,`payload.ntfs_observation.warnings[*]`
fi.observation_warning,warning_ordinal,integer,No,PK,`NOT NULL CHECK (warning_ordinal > 0)`,—,i + 1,Derived by Go / relational lookup,Derived,`records.ObservationWarning`,`projectNTFSObservation()` — `projector_ntfs.go`,`payload.ntfs_observation.warnings[*]`
fi.observation_warning,code,text,No,—,`NOT NULL`,payload.ntfs_observation.warnings[*].code,records.ObservationWarning.Code,Direct,Direct JSON,`records.ObservationWarning`,`projectNTFSObservation()` — `projector_ntfs.go`,`payload.ntfs_observation.warnings[*]`
fi.observation_warning,detail,text,Yes,—,`—`,payload.ntfs_observation.warnings[*].detail,records.ObservationWarning.Detail,empty → NULL,Direct JSON,`records.ObservationWarning`,`projectNTFSObservation()` — `projector_ntfs.go`,`payload.ntfs_observation.warnings[*]`
fi.collector_identity,source_record_id,bigint,No,"PK, FK → fi.source_record.source_record_id",`—`,—,sourceRecordID,Derived by Go / relational lookup,Derived,"`records.ProcessIdentityObservation`, `ComputerIdentity`, `ProcessTokenObservation`, `TokenPrincipalObservation`",`projectCollectorIdentity()` — `projector_sources.go`,`CollectorIdentity.payload`
fi.collector_identity,observed_at,timestamptz,No,—,`NOT NULL`,payload.observed_at,records.ProcessIdentityObservation.ObservedAt,RFC3339 → `timestamptz`,Direct JSON,"`records.ProcessIdentityObservation`, `ComputerIdentity`, `ProcessTokenObservation`, `TokenPrincipalObservation`",`projectCollectorIdentity()` — `projector_sources.go`,`CollectorIdentity.payload`
fi.collector_identity,collection_method,text,No,—,`NOT NULL`,payload.collection_method,records.ProcessIdentityObservation.CollectionMethod,Direct,Direct JSON,"`records.ProcessIdentityObservation`, `ComputerIdentity`, `ProcessTokenObservation`, `TokenPrincipalObservation`",`projectCollectorIdentity()` — `projector_sources.go`,`CollectorIdentity.payload`
fi.collector_identity,computer_netbios_name,text,No,—,`NOT NULL`,payload.computer.netbios_name,records.ProcessIdentityObservation.Computer.NetBIOSName,Direct,Direct JSON,"`records.ProcessIdentityObservation`, `ComputerIdentity`, `ProcessTokenObservation`, `TokenPrincipalObservation`",`projectCollectorIdentity()` — `projector_sources.go`,`CollectorIdentity.payload`
fi.collector_identity,computer_dns_host_name,text,Yes,—,`—`,payload.computer.dns_host_name,records.ProcessIdentityObservation.Computer.DNSHostName,empty → NULL,Direct JSON,"`records.ProcessIdentityObservation`, `ComputerIdentity`, `ProcessTokenObservation`, `TokenPrincipalObservation`",`projectCollectorIdentity()` — `projector_sources.go`,`CollectorIdentity.payload`
fi.collector_identity,computer_dns_domain,text,Yes,—,`—`,payload.computer.dns_domain,records.ProcessIdentityObservation.Computer.DNSDomain,empty → NULL,Direct JSON,"`records.ProcessIdentityObservation`, `ComputerIdentity`, `ProcessTokenObservation`, `TokenPrincipalObservation`",`projectCollectorIdentity()` — `projector_sources.go`,`CollectorIdentity.payload`
fi.collector_identity,computer_dns_fqdn,text,Yes,—,`—`,payload.computer.dns_fqdn,records.ProcessIdentityObservation.Computer.DNSFQDN,empty → NULL,Direct JSON,"`records.ProcessIdentityObservation`, `ComputerIdentity`, `ProcessTokenObservation`, `TokenPrincipalObservation`",`projectCollectorIdentity()` — `projector_sources.go`,`CollectorIdentity.payload`
fi.collector_identity,token_user_sid,text,No,—,`NOT NULL`,payload.token.user.sid,records.ProcessIdentityObservation.Token.User.SID,Direct,Direct JSON,"`records.ProcessIdentityObservation`, `ComputerIdentity`, `ProcessTokenObservation`, `TokenPrincipalObservation`",`projectCollectorIdentity()` — `projector_sources.go`,`CollectorIdentity.payload`
fi.collector_identity,token_user_account_name,text,Yes,—,`—`,payload.token.user.account_name,records.ProcessIdentityObservation.Token.User.AccountName,empty → NULL,Direct JSON,"`records.ProcessIdentityObservation`, `ComputerIdentity`, `ProcessTokenObservation`, `TokenPrincipalObservation`",`projectCollectorIdentity()` — `projector_sources.go`,`CollectorIdentity.payload`
fi.collector_identity,token_user_domain_name,text,Yes,—,`—`,payload.token.user.domain_name,records.ProcessIdentityObservation.Token.User.DomainName,empty → NULL,Direct JSON,"`records.ProcessIdentityObservation`, `ComputerIdentity`, `ProcessTokenObservation`, `TokenPrincipalObservation`",`projectCollectorIdentity()` — `projector_sources.go`,`CollectorIdentity.payload`
fi.collector_identity,token_user_name_use_raw,bigint,Yes,—,`CHECK (token_user_name_use_raw IS NULL OR token_user_name_use_raw >= 0)`,payload.token.user.name_use_raw,records.ProcessIdentityObservation.Token.User.NameUseRaw,optional decimal text → uint32 → bigint,Direct JSON,"`records.ProcessIdentityObservation`, `ComputerIdentity`, `ProcessTokenObservation`, `TokenPrincipalObservation`",`projectCollectorIdentity()` — `projector_sources.go`,`CollectorIdentity.payload`
fi.collector_identity,token_user_name_use_name,text,Yes,—,`—`,payload.token.user.name_use_name,records.ProcessIdentityObservation.Token.User.NameUseName,empty → NULL,Direct JSON,"`records.ProcessIdentityObservation`, `ComputerIdentity`, `ProcessTokenObservation`, `TokenPrincipalObservation`",`projectCollectorIdentity()` — `projector_sources.go`,`CollectorIdentity.payload`
fi.collector_identity,token_type_raw,smallint,No,—,"`NOT NULL CHECK (token_type_raw IN (1,2))`",payload.token.token_type_raw,records.ProcessIdentityObservation.Token.TokenTypeRaw,decimal text → uint16 → smallint,Direct JSON,"`records.ProcessIdentityObservation`, `ComputerIdentity`, `ProcessTokenObservation`, `TokenPrincipalObservation`",`projectCollectorIdentity()` — `projector_sources.go`,`CollectorIdentity.payload`
fi.collector_identity,token_type_name,text,No,—,"`NOT NULL CHECK (token_type_name IN ('Primary','Impersonation'))`",payload.token.token_type_name,records.ProcessIdentityObservation.Token.TokenTypeName,Direct,Direct JSON,"`records.ProcessIdentityObservation`, `ComputerIdentity`, `ProcessTokenObservation`, `TokenPrincipalObservation`",`projectCollectorIdentity()` — `projector_sources.go`,`CollectorIdentity.payload`
fi.collector_identity,elevation_type_raw,smallint,No,—,"`NOT NULL CHECK (elevation_type_raw IN (1,2,3))`",payload.token.elevation_type_raw,records.ProcessIdentityObservation.Token.ElevationTypeRaw,decimal text → uint16 → smallint,Direct JSON,"`records.ProcessIdentityObservation`, `ComputerIdentity`, `ProcessTokenObservation`, `TokenPrincipalObservation`",`projectCollectorIdentity()` — `projector_sources.go`,`CollectorIdentity.payload`
fi.collector_identity,elevation_type_name,text,No,—,"`NOT NULL CHECK (elevation_type_name IN ('Default','Full','Limited'))`",payload.token.elevation_type_name,records.ProcessIdentityObservation.Token.ElevationTypeName,Direct,Direct JSON,"`records.ProcessIdentityObservation`, `ComputerIdentity`, `ProcessTokenObservation`, `TokenPrincipalObservation`",`projectCollectorIdentity()` — `projector_sources.go`,`CollectorIdentity.payload`
fi.collector_identity,elevated,boolean,No,—,`NOT NULL`,payload.token.elevated,records.ProcessIdentityObservation.Token.Elevated,Direct,Direct JSON,"`records.ProcessIdentityObservation`, `ComputerIdentity`, `ProcessTokenObservation`, `TokenPrincipalObservation`",`projectCollectorIdentity()` — `projector_sources.go`,`CollectorIdentity.payload`
fi.collector_token_group,source_record_id,bigint,No,"PK, FK → fi.collector_identity.source_record_id",`NOT NULL`,—,sourceRecordID,Derived by Go / relational lookup,Derived,"`records.TokenGroupObservation`, `TokenPrincipalObservation`",`projectCollectorIdentity()` — `projector_sources.go`,`CollectorIdentity.payload.token.groups[*]`
fi.collector_token_group,group_ordinal,integer,No,PK,`NOT NULL CHECK (group_ordinal >= 0)`,payload.token.groups[*].index,records.TokenGroupObservation.Index,decimal text → uint32 → integer,Direct JSON,"`records.TokenGroupObservation`, `TokenPrincipalObservation`",`projectCollectorIdentity()` — `projector_sources.go`,`CollectorIdentity.payload.token.groups[*]`
fi.collector_token_group,principal_sid,text,No,—,`NOT NULL`,payload.token.groups[*].principal.sid,records.TokenGroupObservation.Principal.SID,Direct,Direct JSON,"`records.TokenGroupObservation`, `TokenPrincipalObservation`",`projectCollectorIdentity()` — `projector_sources.go`,`CollectorIdentity.payload.token.groups[*]`
fi.collector_token_group,account_name,text,Yes,—,`—`,payload.token.groups[*].principal.account_name,records.TokenGroupObservation.Principal.AccountName,empty → NULL,Direct JSON,"`records.TokenGroupObservation`, `TokenPrincipalObservation`",`projectCollectorIdentity()` — `projector_sources.go`,`CollectorIdentity.payload.token.groups[*]`
fi.collector_token_group,domain_name,text,Yes,—,`—`,payload.token.groups[*].principal.domain_name,records.TokenGroupObservation.Principal.DomainName,empty → NULL,Direct JSON,"`records.TokenGroupObservation`, `TokenPrincipalObservation`",`projectCollectorIdentity()` — `projector_sources.go`,`CollectorIdentity.payload.token.groups[*]`
fi.collector_token_group,name_use_raw,bigint,Yes,—,`CHECK (name_use_raw IS NULL OR name_use_raw >= 0)`,payload.token.groups[*].principal.name_use_raw,records.TokenGroupObservation.Principal.NameUseRaw,optional decimal text → bigint,Direct JSON,"`records.TokenGroupObservation`, `TokenPrincipalObservation`",`projectCollectorIdentity()` — `projector_sources.go`,`CollectorIdentity.payload.token.groups[*]`
fi.collector_token_group,name_use_name,text,Yes,—,`—`,payload.token.groups[*].principal.name_use_name,records.TokenGroupObservation.Principal.NameUseName,empty → NULL,Direct JSON,"`records.TokenGroupObservation`, `TokenPrincipalObservation`",`projectCollectorIdentity()` — `projector_sources.go`,`CollectorIdentity.payload.token.groups[*]`
fi.collector_token_group,attributes_raw,bigint,No,—,`NOT NULL CHECK (attributes_raw >= 0)`,payload.token.groups[*].attributes_raw,records.TokenGroupObservation.AttributesRaw,decimal text → uint32 → bigint,Direct JSON,"`records.TokenGroupObservation`, `TokenPrincipalObservation`",`projectCollectorIdentity()` — `projector_sources.go`,`CollectorIdentity.payload.token.groups[*]`
fi.collector_token_group,mandatory,boolean,No,—,`NOT NULL`,payload.token.groups[*].mandatory,records.TokenGroupObservation.Mandatory,Direct,Direct JSON,"`records.TokenGroupObservation`, `TokenPrincipalObservation`",`projectCollectorIdentity()` — `projector_sources.go`,`CollectorIdentity.payload.token.groups[*]`
fi.collector_token_group,enabled_by_default,boolean,No,—,`NOT NULL`,payload.token.groups[*].enabled_by_default,records.TokenGroupObservation.EnabledByDefault,Direct,Direct JSON,"`records.TokenGroupObservation`, `TokenPrincipalObservation`",`projectCollectorIdentity()` — `projector_sources.go`,`CollectorIdentity.payload.token.groups[*]`
fi.collector_token_group,enabled,boolean,No,—,`NOT NULL`,payload.token.groups[*].enabled,records.TokenGroupObservation.Enabled,Direct,Direct JSON,"`records.TokenGroupObservation`, `TokenPrincipalObservation`",`projectCollectorIdentity()` — `projector_sources.go`,`CollectorIdentity.payload.token.groups[*]`
fi.collector_token_group,owner,boolean,No,—,`NOT NULL`,payload.token.groups[*].owner,records.TokenGroupObservation.Owner,Direct,Direct JSON,"`records.TokenGroupObservation`, `TokenPrincipalObservation`",`projectCollectorIdentity()` — `projector_sources.go`,`CollectorIdentity.payload.token.groups[*]`
fi.collector_token_group,deny_only,boolean,No,—,`NOT NULL`,payload.token.groups[*].deny_only,records.TokenGroupObservation.DenyOnly,Direct,Direct JSON,"`records.TokenGroupObservation`, `TokenPrincipalObservation`",`projectCollectorIdentity()` — `projector_sources.go`,`CollectorIdentity.payload.token.groups[*]`
fi.collector_token_group,integrity,boolean,No,—,`NOT NULL`,payload.token.groups[*].integrity,records.TokenGroupObservation.Integrity,Direct,Direct JSON,"`records.TokenGroupObservation`, `TokenPrincipalObservation`",`projectCollectorIdentity()` — `projector_sources.go`,`CollectorIdentity.payload.token.groups[*]`
fi.collector_token_group,integrity_enabled,boolean,No,—,`NOT NULL`,payload.token.groups[*].integrity_enabled,records.TokenGroupObservation.IntegrityEnabled,Direct,Direct JSON,"`records.TokenGroupObservation`, `TokenPrincipalObservation`",`projectCollectorIdentity()` — `projector_sources.go`,`CollectorIdentity.payload.token.groups[*]`
fi.collector_token_group,logon_id,boolean,No,—,`NOT NULL`,payload.token.groups[*].logon_id,records.TokenGroupObservation.LogonID,Direct,Direct JSON,"`records.TokenGroupObservation`, `TokenPrincipalObservation`",`projectCollectorIdentity()` — `projector_sources.go`,`CollectorIdentity.payload.token.groups[*]`
fi.collector_token_group,resource,boolean,No,—,`NOT NULL`,payload.token.groups[*].resource,records.TokenGroupObservation.Resource,Direct,Direct JSON,"`records.TokenGroupObservation`, `TokenPrincipalObservation`",`projectCollectorIdentity()` — `projector_sources.go`,`CollectorIdentity.payload.token.groups[*]`
fi.collector_token_privilege,source_record_id,bigint,No,"PK, FK → fi.collector_identity.source_record_id",`NOT NULL`,—,sourceRecordID,Derived by Go / relational lookup,Derived,`records.TokenPrivilegeObservation`,`projectCollectorIdentity()` — `projector_sources.go`,`CollectorIdentity.payload.token.privileges[*]`
fi.collector_token_privilege,privilege_ordinal,integer,No,PK,`NOT NULL CHECK (privilege_ordinal >= 0)`,payload.token.privileges[*].index,records.TokenPrivilegeObservation.Index,decimal text → uint32 → integer,Direct JSON,`records.TokenPrivilegeObservation`,`projectCollectorIdentity()` — `projector_sources.go`,`CollectorIdentity.payload.token.privileges[*]`
fi.collector_token_privilege,luid_low,bigint,No,—,`NOT NULL CHECK (luid_low BETWEEN 0 AND 4294967295)`,payload.token.privileges[*].luid_low,records.TokenPrivilegeObservation.LUIDLow,decimal text → uint32 → bigint,Direct JSON,`records.TokenPrivilegeObservation`,`projectCollectorIdentity()` — `projector_sources.go`,`CollectorIdentity.payload.token.privileges[*]`
fi.collector_token_privilege,luid_high,integer,No,—,`NOT NULL`,payload.token.privileges[*].luid_high,records.TokenPrivilegeObservation.LUIDHigh,signed decimal text → int32,Direct JSON,`records.TokenPrivilegeObservation`,`projectCollectorIdentity()` — `projector_sources.go`,`CollectorIdentity.payload.token.privileges[*]`
fi.collector_token_privilege,name,text,Yes,—,`—`,payload.token.privileges[*].name,records.TokenPrivilegeObservation.Name,empty → NULL,Direct JSON,`records.TokenPrivilegeObservation`,`projectCollectorIdentity()` — `projector_sources.go`,`CollectorIdentity.payload.token.privileges[*]`
fi.collector_token_privilege,attributes_raw,bigint,No,—,`NOT NULL CHECK (attributes_raw BETWEEN 0 AND 4294967295)`,payload.token.privileges[*].attributes_raw,records.TokenPrivilegeObservation.AttributesRaw,decimal text → uint32 → bigint,Direct JSON,`records.TokenPrivilegeObservation`,`projectCollectorIdentity()` — `projector_sources.go`,`CollectorIdentity.payload.token.privileges[*]`
fi.collector_token_privilege,enabled_by_default,boolean,No,—,`NOT NULL`,payload.token.privileges[*].enabled_by_default,records.TokenPrivilegeObservation.EnabledByDefault,Direct,Direct JSON,`records.TokenPrivilegeObservation`,`projectCollectorIdentity()` — `projector_sources.go`,`CollectorIdentity.payload.token.privileges[*]`
fi.collector_token_privilege,enabled,boolean,No,—,`NOT NULL`,payload.token.privileges[*].enabled,records.TokenPrivilegeObservation.Enabled,Direct,Direct JSON,`records.TokenPrivilegeObservation`,`projectCollectorIdentity()` — `projector_sources.go`,`CollectorIdentity.payload.token.privileges[*]`
fi.collector_token_privilege,removed,boolean,No,—,`NOT NULL`,payload.token.privileges[*].removed,records.TokenPrivilegeObservation.Removed,Direct,Direct JSON,`records.TokenPrivilegeObservation`,`projectCollectorIdentity()` — `projector_sources.go`,`CollectorIdentity.payload.token.privileges[*]`
fi.collector_token_privilege,used_for_access,boolean,No,—,`NOT NULL`,payload.token.privileges[*].used_for_access,records.TokenPrivilegeObservation.UsedForAccess,Direct,Direct JSON,`records.TokenPrivilegeObservation`,`projectCollectorIdentity()` — `projector_sources.go`,`CollectorIdentity.payload.token.privileges[*]`
fi.smb_share_snapshot,source_record_id,bigint,No,"PK, FK → fi.source_record.source_record_id",`—`,—,sourceRecordID,Derived by Go / relational lookup,Derived,`records.SMBShareSnapshot`,`projectSMBShareSnapshot()` — `projector_sources.go`,`SMBShareSnapshot.payload`
fi.smb_share_snapshot,observed_at,timestamptz,No,—,`NOT NULL`,payload.observed_at,records.SMBShareSnapshot.ObservedAt,RFC3339 → timestamptz,Direct JSON,`records.SMBShareSnapshot`,`projectSMBShareSnapshot()` — `projector_sources.go`,`SMBShareSnapshot.payload`
fi.smb_share_snapshot,collection_method,text,No,—,`NOT NULL`,payload.collection_method,records.SMBShareSnapshot.CollectionMethod,enum → text,Direct JSON,`records.SMBShareSnapshot`,`projectSMBShareSnapshot()` — `projector_sources.go`,`SMBShareSnapshot.payload`
fi.smb_share,source_record_id,bigint,No,"PK, UQ(source_record_id, name_utf16le), FK → fi.smb_share_snapshot.source_record_id",`NOT NULL`,—,sourceRecordID,Derived by Go / relational lookup,Derived,"`records.SMBShareObservation`, `records.SecurityObservation`",`projectSMBShareSnapshot()` — `projector_sources.go`,`SMBShareSnapshot.payload.shares[*]`
fi.smb_share,share_ordinal,integer,No,PK,`NOT NULL CHECK (share_ordinal > 0)`,—,ordinal,1-based loop ordinal,Derived,"`records.SMBShareObservation`, `records.SecurityObservation`",`projectSMBShareSnapshot()` — `projector_sources.go`,`SMBShareSnapshot.payload.shares[*]`
fi.smb_share,name_display,text,No,—,`NOT NULL`,payload.shares[*].name_display,records.SMBShareObservation.NameDisplay,Direct,Direct JSON,"`records.SMBShareObservation`, `records.SecurityObservation`",`projectSMBShareSnapshot()` — `projector_sources.go`,`SMBShareSnapshot.payload.shares[*]`
fi.smb_share,name_utf16le,bytea,No,"UQ(source_record_id, name_utf16le)",`NOT NULL`,payload.shares[*].name_utf16le_base64url,records.SMBShareObservation.NameUTF16LEBase64URL,base64url → bytea,Direct JSON,"`records.SMBShareObservation`, `records.SecurityObservation`",`projectSMBShareSnapshot()` — `projector_sources.go`,`SMBShareSnapshot.payload.shares[*]`
fi.smb_share,type_raw,bigint,No,—,`NOT NULL CHECK (type_raw BETWEEN 0 AND 4294967295)`,payload.shares[*].type_raw,records.SMBShareObservation.TypeRaw,decimal text → uint32 → bigint,Direct JSON,"`records.SMBShareObservation`, `records.SecurityObservation`",`projectSMBShareSnapshot()` — `projector_sources.go`,`SMBShareSnapshot.payload.shares[*]`
fi.smb_share,type_name,text,No,—,`NOT NULL`,payload.shares[*].type_name,records.SMBShareObservation.TypeName,enum → text,Direct JSON,"`records.SMBShareObservation`, `records.SecurityObservation`",`projectSMBShareSnapshot()` — `projector_sources.go`,`SMBShareSnapshot.payload.shares[*]`
fi.smb_share,special,boolean,No,—,`NOT NULL`,payload.shares[*].special,records.SMBShareObservation.Special,Direct,Direct JSON,"`records.SMBShareObservation`, `records.SecurityObservation`",`projectSMBShareSnapshot()` — `projector_sources.go`,`SMBShareSnapshot.payload.shares[*]`
fi.smb_share,temporary,boolean,No,—,`NOT NULL`,payload.shares[*].temporary,records.SMBShareObservation.Temporary,Direct,Direct JSON,"`records.SMBShareObservation`, `records.SecurityObservation`",`projectSMBShareSnapshot()` — `projector_sources.go`,`SMBShareSnapshot.payload.shares[*]`
fi.smb_share,remark_display,text,Yes,—,`—`,payload.shares[*].remark_display,records.SMBShareObservation.RemarkDisplay,empty → NULL,Direct JSON,"`records.SMBShareObservation`, `records.SecurityObservation`",`projectSMBShareSnapshot()` — `projector_sources.go`,`SMBShareSnapshot.payload.shares[*]`
fi.smb_share,remark_utf16le,bytea,Yes,—,`—`,payload.shares[*].remark_utf16le_base64url,records.SMBShareObservation.RemarkUTF16LEBase64URL,base64url → optional bytea,Direct JSON,"`records.SMBShareObservation`, `records.SecurityObservation`",`projectSMBShareSnapshot()` — `projector_sources.go`,`SMBShareSnapshot.payload.shares[*]`
fi.smb_share,local_path_display,text,Yes,—,`—`,payload.shares[*].local_path_display,records.SMBShareObservation.LocalPathDisplay,empty → NULL,Direct JSON,"`records.SMBShareObservation`, `records.SecurityObservation`",`projectSMBShareSnapshot()` — `projector_sources.go`,`SMBShareSnapshot.payload.shares[*]`
fi.smb_share,local_path_utf16le,bytea,Yes,—,`—`,payload.shares[*].local_path_utf16le_base64url,records.SMBShareObservation.LocalPathUTF16LEBase64URL,base64url → optional bytea,Direct JSON,"`records.SMBShareObservation`, `records.SecurityObservation`",`projectSMBShareSnapshot()` — `projector_sources.go`,`SMBShareSnapshot.payload.shares[*]`
fi.smb_share,permissions_raw,bigint,No,—,`NOT NULL CHECK (permissions_raw BETWEEN 0 AND 4294967295)`,payload.shares[*].permissions_raw,records.SMBShareObservation.PermissionsRaw,decimal text → uint32 → bigint,Direct JSON,"`records.SMBShareObservation`, `records.SecurityObservation`",`projectSMBShareSnapshot()` — `projector_sources.go`,`SMBShareSnapshot.payload.shares[*]`
fi.smb_share,max_uses_raw,bigint,No,—,`NOT NULL CHECK (max_uses_raw BETWEEN 0 AND 4294967295)`,payload.shares[*].max_uses_raw,records.SMBShareObservation.MaxUsesRaw,decimal text → uint32 → bigint,Direct JSON,"`records.SMBShareObservation`, `records.SecurityObservation`",`projectSMBShareSnapshot()` — `projector_sources.go`,`SMBShareSnapshot.payload.shares[*]`
fi.smb_share,current_uses,bigint,No,—,`NOT NULL CHECK (current_uses BETWEEN 0 AND 4294967295)`,payload.shares[*].current_uses,records.SMBShareObservation.CurrentUses,decimal text → uint32 → bigint,Direct JSON,"`records.SMBShareObservation`, `records.SecurityObservation`",`projectSMBShareSnapshot()` — `projector_sources.go`,`SMBShareSnapshot.payload.shares[*]`
fi.smb_share,security_state,text,No,—,`NOT NULL`,payload.shares[*].security.state,records.SMBShareObservation.Security.State,enum → text,Direct JSON,"`records.SMBShareObservation`, `records.SecurityObservation`",`projectSMBShareSnapshot()` — `projector_sources.go`,`SMBShareSnapshot.payload.shares[*]`
fi.smb_share,security_data_format,text,No,—,`NOT NULL`,payload.shares[*].security.data_format,records.SMBShareObservation.Security.DataFormat,enum → text,Direct JSON,"`records.SMBShareObservation`, `records.SecurityObservation`",`projectSMBShareSnapshot()` — `projector_sources.go`,`SMBShareSnapshot.payload.shares[*]`
fi.smb_share,security_raw_descriptor,bytea,Yes,—,`—`,payload.shares[*].security.raw_descriptor_base64url,records.SMBShareObservation.Security.RawDescriptorBase64URL,base64url → bytea,Direct JSON,"`records.SMBShareObservation`, `records.SecurityObservation`",`projectSMBShareSnapshot()` — `projector_sources.go`,`SMBShareSnapshot.payload.shares[*]`
fi.smb_share,security_revision,smallint,Yes,—,`—`,payload.shares[*].security.revision,records.SMBShareObservation.Security.Revision,optional numeric text → uint8,Direct JSON,"`records.SMBShareObservation`, `records.SecurityObservation`",`projectSMBShareSnapshot()` — `projector_sources.go`,`SMBShareSnapshot.payload.shares[*]`
fi.smb_share,security_control,integer,Yes,—,`—`,payload.shares[*].security.control,records.SMBShareObservation.Security.Control,optional numeric text → uint16,Direct JSON,"`records.SMBShareObservation`, `records.SecurityObservation`",`projectSMBShareSnapshot()` — `projector_sources.go`,`SMBShareSnapshot.payload.shares[*]`
fi.smb_share,security_owner_sid,text,Yes,—,`—`,payload.shares[*].security.owner_sid,records.SMBShareObservation.Security.OwnerSID,empty → NULL,Direct JSON,"`records.SMBShareObservation`, `records.SecurityObservation`",`projectSMBShareSnapshot()` — `projector_sources.go`,`SMBShareSnapshot.payload.shares[*]`
fi.smb_share,security_primary_group_sid,text,Yes,—,`—`,payload.shares[*].security.primary_group_sid,records.SMBShareObservation.Security.PrimaryGroupSID,empty → NULL,Direct JSON,"`records.SMBShareObservation`, `records.SecurityObservation`",`projectSMBShareSnapshot()` — `projector_sources.go`,`SMBShareSnapshot.payload.shares[*]`
fi.smb_share,dacl_state,text,Yes,—,`—`,payload.shares[*].security.dacl.state,records.SMBShareObservation.Security.DACL.State,enum → text,Direct JSON,"`records.SMBShareObservation`, `records.SecurityObservation`",`projectSMBShareSnapshot()` — `projector_sources.go`,`SMBShareSnapshot.payload.shares[*]`
fi.smb_share,dacl_revision,smallint,Yes,—,`—`,payload.shares[*].security.dacl.revision,records.SMBShareObservation.Security.DACL.Revision,optional numeric text → uint8,Direct JSON,"`records.SMBShareObservation`, `records.SecurityObservation`",`projectSMBShareSnapshot()` — `projector_sources.go`,`SMBShareSnapshot.payload.shares[*]`
fi.smb_share,dacl_size,integer,Yes,—,`—`,payload.shares[*].security.dacl.size,records.SMBShareObservation.Security.DACL.Size,optional numeric text → uint32,Direct JSON,"`records.SMBShareObservation`, `records.SecurityObservation`",`projectSMBShareSnapshot()` — `projector_sources.go`,`SMBShareSnapshot.payload.shares[*]`
fi.smb_share,security_reason_code,text,Yes,—,`—`,payload.shares[*].security.reason_code,records.SMBShareObservation.Security.ReasonCode,empty → NULL,Direct JSON,"`records.SMBShareObservation`, `records.SecurityObservation`",`projectSMBShareSnapshot()` — `projector_sources.go`,`SMBShareSnapshot.payload.shares[*]`
fi.smb_share_ace,source_record_id,bigint,No,"PK, FK → fi.smb_share.source_record_id",`NOT NULL`,—,sourceRecordID,Derived by Go / relational lookup,Derived,`records.ACEObservation`,`projectSMBShareACE()` — `projector_sources.go`,`SMBShareSnapshot.payload.shares[*].security.dacl.aces[*]`
fi.smb_share_ace,share_ordinal,integer,No,"PK, FK → fi.smb_share.share_ordinal",`NOT NULL`,—,shareOrdinal,1-based share ordinal,Derived,`records.ACEObservation`,`projectSMBShareACE()` — `projector_sources.go`,`SMBShareSnapshot.payload.shares[*].security.dacl.aces[*]`
fi.smb_share_ace,ace_ordinal,integer,No,PK,`NOT NULL CHECK (ace_ordinal >= 0)`,payload.shares[*].security.dacl.aces[*].index,records.ACEObservation.Index,numeric text → uint32 → integer,Direct JSON,`records.ACEObservation`,`projectSMBShareACE()` — `projector_sources.go`,`SMBShareSnapshot.payload.shares[*].security.dacl.aces[*]`
fi.smb_share_ace,ace_type,integer,No,—,`NOT NULL`,payload.shares[*].security.dacl.aces[*].type,records.ACEObservation.Type,numeric text → uint8 → integer,Direct JSON,`records.ACEObservation`,`projectSMBShareACE()` — `projector_sources.go`,`SMBShareSnapshot.payload.shares[*].security.dacl.aces[*]`
fi.smb_share_ace,type_name,text,No,—,`NOT NULL`,payload.shares[*].security.dacl.aces[*].type_name,records.ACEObservation.TypeName,Direct,Direct JSON,`records.ACEObservation`,`projectSMBShareACE()` — `projector_sources.go`,`SMBShareSnapshot.payload.shares[*].security.dacl.aces[*]`
fi.smb_share_ace,flags,integer,No,—,`NOT NULL`,payload.shares[*].security.dacl.aces[*].flags,records.ACEObservation.Flags,numeric text → uint8 → integer,Direct JSON,`records.ACEObservation`,`projectSMBShareACE()` — `projector_sources.go`,`SMBShareSnapshot.payload.shares[*].security.dacl.aces[*]`
fi.smb_share_ace,ace_size,integer,No,—,`NOT NULL CHECK (ace_size > 0)`,payload.shares[*].security.dacl.aces[*].size,records.ACEObservation.Size,numeric text → uint16 → integer,Direct JSON,`records.ACEObservation`,`projectSMBShareACE()` — `projector_sources.go`,`SMBShareSnapshot.payload.shares[*].security.dacl.aces[*]`
fi.smb_share_ace,raw_ace,bytea,No,—,`NOT NULL`,payload.shares[*].security.dacl.aces[*].raw_base64url,records.ACEObservation.RawBase64URL,base64url → `bytea`,Direct JSON,`records.ACEObservation`,`projectSMBShareACE()` — `projector_sources.go`,`SMBShareSnapshot.payload.shares[*].security.dacl.aces[*]`
fi.smb_share_ace,access_mask,bigint,Yes,—,`—`,payload.shares[*].security.dacl.aces[*].mask,records.ACEObservation.Mask,optional numeric text → uint32 → `bigint`,Direct JSON,`records.ACEObservation`,`projectSMBShareACE()` — `projector_sources.go`,`SMBShareSnapshot.payload.shares[*].security.dacl.aces[*]`
fi.smb_share_ace,object_flags,bigint,Yes,—,`—`,payload.shares[*].security.dacl.aces[*].object_flags,records.ACEObservation.ObjectFlags,optional numeric text → uint32 → `bigint`,Direct JSON,`records.ACEObservation`,`projectSMBShareACE()` — `projector_sources.go`,`SMBShareSnapshot.payload.shares[*].security.dacl.aces[*]`
fi.smb_share_ace,object_type_guid,uuid,Yes,—,`—`,payload.shares[*].security.dacl.aces[*].object_type_guid,records.ACEObservation.ObjectTypeGUID,empty → NULL; text cast to UUID,Direct JSON,`records.ACEObservation`,`projectSMBShareACE()` — `projector_sources.go`,`SMBShareSnapshot.payload.shares[*].security.dacl.aces[*]`
fi.smb_share_ace,inherited_object_type_guid,uuid,Yes,—,`—`,payload.shares[*].security.dacl.aces[*].inherited_object_type_guid,records.ACEObservation.InheritedObjectTypeGUID,empty → NULL; text cast to UUID,Direct JSON,`records.ACEObservation`,`projectSMBShareACE()` — `projector_sources.go`,`SMBShareSnapshot.payload.shares[*].security.dacl.aces[*]`
fi.smb_share_ace,sid,text,Yes,—,`—`,payload.shares[*].security.dacl.aces[*].sid,records.ACEObservation.SID,empty → NULL,Direct JSON,`records.ACEObservation`,`projectSMBShareACE()` — `projector_sources.go`,`SMBShareSnapshot.payload.shares[*].security.dacl.aces[*]`
fi.local_principal_snapshot,source_record_id,bigint,No,"PK, FK → fi.source_record.source_record_id",`—`,—,sourceRecordID,Derived by Go / relational lookup,Derived,`records.LocalPrincipalSnapshot`,`projectLocalPrincipalSnapshot()` — `projector_sources.go`,`LocalPrincipalSnapshot.payload`
fi.local_principal_snapshot,observed_at,timestamptz,No,—,`NOT NULL`,payload.observed_at,records.LocalPrincipalSnapshot.ObservedAt,RFC3339 → timestamptz,Direct JSON,`records.LocalPrincipalSnapshot`,`projectLocalPrincipalSnapshot()` — `projector_sources.go`,`LocalPrincipalSnapshot.payload`
fi.local_principal_snapshot,collection_method,text,No,—,`NOT NULL`,payload.collection_method,records.LocalPrincipalSnapshot.CollectionMethod,Direct,Direct JSON,`records.LocalPrincipalSnapshot`,`projectLocalPrincipalSnapshot()` — `projector_sources.go`,`LocalPrincipalSnapshot.payload`
fi.local_principal_snapshot,computer_name,text,No,—,`NOT NULL`,payload.computer_name,records.LocalPrincipalSnapshot.ComputerName,Direct,Direct JSON,`records.LocalPrincipalSnapshot`,`projectLocalPrincipalSnapshot()` — `projector_sources.go`,`LocalPrincipalSnapshot.payload`
fi.local_user,source_record_id,bigint,No,"PK, UQ(source_record_id, sid), FK → fi.local_principal_snapshot.source_record_id",`NOT NULL`,—,sourceRecordID,Derived by Go / relational lookup,Derived,`records.LocalUserObservation`,`projectLocalPrincipalSnapshot()` — `projector_sources.go`,`LocalPrincipalSnapshot.payload.users[*]`
fi.local_user,user_ordinal,integer,No,PK,`NOT NULL CHECK (user_ordinal > 0)`,—,i + 1,Derived by Go / relational lookup,Derived,`records.LocalUserObservation`,`projectLocalPrincipalSnapshot()` — `projector_sources.go`,`LocalPrincipalSnapshot.payload.users[*]`
fi.local_user,sid,text,No,"UQ(source_record_id, sid)",`NOT NULL`,payload.users[*].sid,records.LocalUserObservation.SID,Direct,Direct JSON,`records.LocalUserObservation`,`projectLocalPrincipalSnapshot()` — `projector_sources.go`,`LocalPrincipalSnapshot.payload.users[*]`
fi.local_user,sid_raw,bytea,No,—,`NOT NULL`,payload.users[*].sid_raw_base64url,records.LocalUserObservation.SIDRawBase64URL,base64url → bytea,Direct JSON,`records.LocalUserObservation`,`projectLocalPrincipalSnapshot()` — `projector_sources.go`,`LocalPrincipalSnapshot.payload.users[*]`
fi.local_user,name_display,text,No,—,`NOT NULL`,payload.users[*].name_display,records.LocalUserObservation.NameDisplay,Direct,Direct JSON,`records.LocalUserObservation`,`projectLocalPrincipalSnapshot()` — `projector_sources.go`,`LocalPrincipalSnapshot.payload.users[*]`
fi.local_user,name_utf16le,bytea,No,—,`NOT NULL`,payload.users[*].name_utf16le_base64url,records.LocalUserObservation.NameUTF16LEBase64URL,base64url → bytea,Direct JSON,`records.LocalUserObservation`,`projectLocalPrincipalSnapshot()` — `projector_sources.go`,`LocalPrincipalSnapshot.payload.users[*]`
fi.local_user,full_name_display,text,Yes,—,`—`,payload.users[*].full_name_display,records.LocalUserObservation.FullNameDisplay,Direct,Direct JSON,`records.LocalUserObservation`,`projectLocalPrincipalSnapshot()` — `projector_sources.go`,`LocalPrincipalSnapshot.payload.users[*]`
fi.local_user,full_name_utf16le,bytea,Yes,—,`—`,payload.users[*].full_name_utf16le_base64url,records.LocalUserObservation.FullNameUTF16LEBase64URL,base64url → optional bytea,Direct JSON,`records.LocalUserObservation`,`projectLocalPrincipalSnapshot()` — `projector_sources.go`,`LocalPrincipalSnapshot.payload.users[*]`
fi.local_user,comment_display,text,Yes,—,`—`,payload.users[*].comment_display,records.LocalUserObservation.CommentDisplay,Direct,Direct JSON,`records.LocalUserObservation`,`projectLocalPrincipalSnapshot()` — `projector_sources.go`,`LocalPrincipalSnapshot.payload.users[*]`
fi.local_user,comment_utf16le,bytea,Yes,—,`—`,payload.users[*].comment_utf16le_base64url,records.LocalUserObservation.CommentUTF16LEBase64URL,base64url → optional bytea,Direct JSON,`records.LocalUserObservation`,`projectLocalPrincipalSnapshot()` — `projector_sources.go`,`LocalPrincipalSnapshot.payload.users[*]`
fi.local_user,flags_raw,bigint,No,—,`NOT NULL CHECK (flags_raw BETWEEN 0 AND 4294967295)`,payload.users[*].flags_raw,records.LocalUserObservation.FlagsRaw,decimal text → uint32 → bigint,Direct JSON,`records.LocalUserObservation`,`projectLocalPrincipalSnapshot()` — `projector_sources.go`,`LocalPrincipalSnapshot.payload.users[*]`
fi.local_user,account_disabled,boolean,No,—,`NOT NULL`,payload.users[*].account_disabled,records.LocalUserObservation.AccountDisabled,Direct,Direct JSON,`records.LocalUserObservation`,`projectLocalPrincipalSnapshot()` — `projector_sources.go`,`LocalPrincipalSnapshot.payload.users[*]`
fi.local_user,account_locked,boolean,No,—,`NOT NULL`,payload.users[*].account_locked,records.LocalUserObservation.AccountLocked,Direct,Direct JSON,`records.LocalUserObservation`,`projectLocalPrincipalSnapshot()` — `projector_sources.go`,`LocalPrincipalSnapshot.payload.users[*]`
fi.local_group,source_record_id,bigint,No,"PK, UQ(source_record_id, sid), FK → fi.local_principal_snapshot.source_record_id",`NOT NULL`,—,sourceRecordID,Derived by Go / relational lookup,Derived,`records.LocalGroupObservation`,`projectLocalPrincipalSnapshot()` — `projector_sources.go`,`LocalPrincipalSnapshot.payload.groups[*]`
fi.local_group,group_ordinal,integer,No,PK,`NOT NULL CHECK (group_ordinal > 0)`,—,i + 1,Derived by Go / relational lookup,Derived,`records.LocalGroupObservation`,`projectLocalPrincipalSnapshot()` — `projector_sources.go`,`LocalPrincipalSnapshot.payload.groups[*]`
fi.local_group,sid,text,No,"UQ(source_record_id, sid)",`NOT NULL`,payload.groups[*].sid,records.LocalGroupObservation.SID,Direct,Direct JSON,`records.LocalGroupObservation`,`projectLocalPrincipalSnapshot()` — `projector_sources.go`,`LocalPrincipalSnapshot.payload.groups[*]`
fi.local_group,sid_raw,bytea,No,—,`NOT NULL`,payload.groups[*].sid_raw_base64url,records.LocalGroupObservation.SIDRawBase64URL,base64url → bytea,Direct JSON,`records.LocalGroupObservation`,`projectLocalPrincipalSnapshot()` — `projector_sources.go`,`LocalPrincipalSnapshot.payload.groups[*]`
fi.local_group,account_domain,text,Yes,—,`—`,payload.groups[*].account_domain,records.LocalGroupObservation.AccountDomain,Direct,Direct JSON,`records.LocalGroupObservation`,`projectLocalPrincipalSnapshot()` — `projector_sources.go`,`LocalPrincipalSnapshot.payload.groups[*]`
fi.local_group,name_display,text,No,—,`NOT NULL`,payload.groups[*].name_display,records.LocalGroupObservation.NameDisplay,Direct,Direct JSON,`records.LocalGroupObservation`,`projectLocalPrincipalSnapshot()` — `projector_sources.go`,`LocalPrincipalSnapshot.payload.groups[*]`
fi.local_group,name_utf16le,bytea,No,—,`NOT NULL`,payload.groups[*].name_utf16le_base64url,records.LocalGroupObservation.NameUTF16LEBase64URL,base64url → bytea,Direct JSON,`records.LocalGroupObservation`,`projectLocalPrincipalSnapshot()` — `projector_sources.go`,`LocalPrincipalSnapshot.payload.groups[*]`
fi.local_group,comment_display,text,Yes,—,`—`,payload.groups[*].comment_display,records.LocalGroupObservation.CommentDisplay,Direct,Direct JSON,`records.LocalGroupObservation`,`projectLocalPrincipalSnapshot()` — `projector_sources.go`,`LocalPrincipalSnapshot.payload.groups[*]`
fi.local_group,comment_utf16le,bytea,Yes,—,`—`,payload.groups[*].comment_utf16le_base64url,records.LocalGroupObservation.CommentUTF16LEBase64URL,base64url → optional bytea,Direct JSON,`records.LocalGroupObservation`,`projectLocalPrincipalSnapshot()` — `projector_sources.go`,`LocalPrincipalSnapshot.payload.groups[*]`
fi.local_group,membership_state,text,No,—,"`NOT NULL CHECK (membership_state IN ('Complete','Partial','Error'))`",payload.groups[*].membership_state,records.LocalGroupObservation.MembershipState,Direct,Direct JSON,`records.LocalGroupObservation`,`projectLocalPrincipalSnapshot()` — `projector_sources.go`,`LocalPrincipalSnapshot.payload.groups[*]`
fi.local_group,membership_reason_code,text,Yes,—,`—`,payload.groups[*].membership_reason_code,records.LocalGroupObservation.MembershipReasonCode,Direct,Direct JSON,`records.LocalGroupObservation`,`projectLocalPrincipalSnapshot()` — `projector_sources.go`,`LocalPrincipalSnapshot.payload.groups[*]`
fi.local_group,membership_detail,text,Yes,—,`—`,payload.groups[*].membership_detail,records.LocalGroupObservation.MembershipDetail,Direct,Direct JSON,`records.LocalGroupObservation`,`projectLocalPrincipalSnapshot()` — `projector_sources.go`,`LocalPrincipalSnapshot.payload.groups[*]`
fi.local_group_membership,source_record_id,bigint,No,"PK, FK → fi.local_principal_snapshot.source_record_id, FK → fi.local_group.source_record_id",`NOT NULL`,—,sourceRecordID,Derived by Go / relational lookup,Derived,`records.LocalGroupMembershipObservation`,`projectLocalPrincipalSnapshot()` — `projector_sources.go`,`LocalPrincipalSnapshot.payload.memberships[*]`
fi.local_group_membership,membership_ordinal,integer,No,PK,`NOT NULL CHECK (membership_ordinal > 0)`,—,i + 1,Derived by Go / relational lookup,Derived,`records.LocalGroupMembershipObservation`,`projectLocalPrincipalSnapshot()` — `projector_sources.go`,`LocalPrincipalSnapshot.payload.memberships[*]`
fi.local_group_membership,group_sid,text,No,FK → fi.local_group.sid,`NOT NULL`,payload.memberships[*].group_sid,records.LocalGroupMembershipObservation.GroupSID,Direct,Direct JSON,`records.LocalGroupMembershipObservation`,`projectLocalPrincipalSnapshot()` — `projector_sources.go`,`LocalPrincipalSnapshot.payload.memberships[*]`
fi.local_group_membership,member_sid,text,No,—,`NOT NULL`,payload.memberships[*].member_sid,records.LocalGroupMembershipObservation.MemberSID,Direct,Direct JSON,`records.LocalGroupMembershipObservation`,`projectLocalPrincipalSnapshot()` — `projector_sources.go`,`LocalPrincipalSnapshot.payload.memberships[*]`
fi.local_group_membership,member_sid_raw,bytea,No,—,`NOT NULL`,payload.memberships[*].member_sid_raw_base64url,records.LocalGroupMembershipObservation.MemberSIDRawBase64URL,base64url → bytea,Direct JSON,`records.LocalGroupMembershipObservation`,`projectLocalPrincipalSnapshot()` — `projector_sources.go`,`LocalPrincipalSnapshot.payload.memberships[*]`
fi.local_group_membership,member_domain_name_display,text,Yes,—,`—`,payload.memberships[*].member_domain_and_name_display,records.LocalGroupMembershipObservation.MemberDomainAndNameDisplay,empty → NULL,Direct JSON,`records.LocalGroupMembershipObservation`,`projectLocalPrincipalSnapshot()` — `projector_sources.go`,`LocalPrincipalSnapshot.payload.memberships[*]`
fi.local_group_membership,member_domain_name_utf16le,bytea,Yes,—,`—`,payload.memberships[*].member_domain_and_name_utf16le_base64url,records.LocalGroupMembershipObservation.MemberDomainAndNameUTF16LEBase64URL,base64url → optional bytea,Direct JSON,`records.LocalGroupMembershipObservation`,`projectLocalPrincipalSnapshot()` — `projector_sources.go`,`LocalPrincipalSnapshot.payload.memberships[*]`
fi.local_group_membership,sid_name_use_raw,bigint,No,—,`NOT NULL CHECK (sid_name_use_raw BETWEEN 0 AND 4294967295)`,payload.memberships[*].sid_name_use_raw,records.LocalGroupMembershipObservation.SIDNameUseRaw,decimal text → uint32 → bigint,Direct JSON,`records.LocalGroupMembershipObservation`,`projectLocalPrincipalSnapshot()` — `projector_sources.go`,`LocalPrincipalSnapshot.payload.memberships[*]`
fi.local_group_membership,sid_name_use_name,text,No,—,`NOT NULL`,payload.memberships[*].sid_name_use_name,records.LocalGroupMembershipObservation.SIDNameUseName,Direct,Direct JSON,`records.LocalGroupMembershipObservation`,`projectLocalPrincipalSnapshot()` — `projector_sources.go`,`LocalPrincipalSnapshot.payload.memberships[*]`
fi.directory_principal_snapshot,source_record_id,bigint,No,"PK, FK → fi.source_record.source_record_id",`—`,—,sourceRecordID,Derived by Go / relational lookup,Derived,`records.DirectoryPrincipalSnapshot`,`projectDirectoryPrincipalSnapshot()` — `projector_sources.go`,`DirectoryPrincipalSnapshot.payload`
fi.directory_principal_snapshot,observed_at,timestamptz,No,—,`NOT NULL`,payload.observed_at,records.DirectoryPrincipalSnapshot.ObservedAt,RFC3339 → timestamptz,Direct JSON,`records.DirectoryPrincipalSnapshot`,`projectDirectoryPrincipalSnapshot()` — `projector_sources.go`,`DirectoryPrincipalSnapshot.payload`
fi.directory_principal_snapshot,collection_method,text,No,—,`NOT NULL`,payload.collection_method,records.DirectoryPrincipalSnapshot.CollectionMethod,Direct,Direct JSON,`records.DirectoryPrincipalSnapshot`,`projectDirectoryPrincipalSnapshot()` — `projector_sources.go`,`DirectoryPrincipalSnapshot.payload`
fi.directory_principal_snapshot,domain_dns_name,text,No,—,`NOT NULL`,payload.domain_dns_name,records.DirectoryPrincipalSnapshot.DomainDNSName,Direct,Direct JSON,`records.DirectoryPrincipalSnapshot`,`projectDirectoryPrincipalSnapshot()` — `projector_sources.go`,`DirectoryPrincipalSnapshot.payload`
fi.directory_principal_snapshot,server_dns_name,text,No,—,`NOT NULL`,payload.server_dns_name,records.DirectoryPrincipalSnapshot.ServerDNSName,Direct,Direct JSON,`records.DirectoryPrincipalSnapshot`,`projectDirectoryPrincipalSnapshot()` — `projector_sources.go`,`DirectoryPrincipalSnapshot.payload`
fi.directory_principal_snapshot,naming_context,text,No,—,`NOT NULL`,payload.naming_context,records.DirectoryPrincipalSnapshot.NamingContext,Direct,Direct JSON,`records.DirectoryPrincipalSnapshot`,`projectDirectoryPrincipalSnapshot()` — `projector_sources.go`,`DirectoryPrincipalSnapshot.payload`
fi.directory_requested_sid,source_record_id,bigint,No,"PK, UQ(source_record_id, sid), FK → fi.directory_principal_snapshot.source_record_id",`NOT NULL`,—,sourceRecordID,Derived by Go / relational lookup,Derived,`records.DirectoryPrincipalSnapshot.RequestedSIDs []string`,`projectDirectoryPrincipalSnapshot()` — `projector_sources.go`,`DirectoryPrincipalSnapshot.payload.requested_sids[*]`
fi.directory_requested_sid,sid_ordinal,integer,No,PK,`NOT NULL CHECK (sid_ordinal > 0)`,—,i + 1,Derived by Go / relational lookup,Derived,`records.DirectoryPrincipalSnapshot.RequestedSIDs []string`,`projectDirectoryPrincipalSnapshot()` — `projector_sources.go`,`DirectoryPrincipalSnapshot.payload.requested_sids[*]`
fi.directory_requested_sid,sid,text,No,"UQ(source_record_id, sid)",`NOT NULL`,payload.requested_sids[*],records.DirectoryPrincipalSnapshot.RequestedSIDs[i],Direct,Direct JSON,`records.DirectoryPrincipalSnapshot.RequestedSIDs []string`,`projectDirectoryPrincipalSnapshot()` — `projector_sources.go`,`DirectoryPrincipalSnapshot.payload.requested_sids[*]`
fi.directory_principal,source_record_id,bigint,No,"PK, UQ(source_record_id, sid), UQ(source_record_id, object_guid), FK → fi.directory_principal_snapshot.source_record_id",`NOT NULL`,—,sourceRecordID,Derived by Go / relational lookup,Derived,`records.DirectoryPrincipalObservation`,`projectDirectoryPrincipalSnapshot()` — `projector_sources.go`,`DirectoryPrincipalSnapshot.payload.principals[*]`
fi.directory_principal,principal_ordinal,integer,No,PK,`NOT NULL CHECK (principal_ordinal > 0)`,—,i + 1,Derived by Go / relational lookup,Derived,`records.DirectoryPrincipalObservation`,`projectDirectoryPrincipalSnapshot()` — `projector_sources.go`,`DirectoryPrincipalSnapshot.payload.principals[*]`
fi.directory_principal,sid,text,No,"UQ(source_record_id, sid)",`NOT NULL`,payload.principals[*].sid,records.DirectoryPrincipalObservation.SID,Direct,Direct JSON,`records.DirectoryPrincipalObservation`,`projectDirectoryPrincipalSnapshot()` — `projector_sources.go`,`DirectoryPrincipalSnapshot.payload.principals[*]`
fi.directory_principal,sid_raw,bytea,No,—,`NOT NULL`,payload.principals[*].sid_raw_base64url,records.DirectoryPrincipalObservation.SIDRawBase64URL,base64url → bytea,Direct JSON,`records.DirectoryPrincipalObservation`,`projectDirectoryPrincipalSnapshot()` — `projector_sources.go`,`DirectoryPrincipalSnapshot.payload.principals[*]`
fi.directory_principal,object_guid,uuid,No,"UQ(source_record_id, object_guid)",`NOT NULL`,payload.principals[*].object_guid,records.DirectoryPrincipalObservation.ObjectGUID,text → PostgreSQL UUID cast,Direct JSON,`records.DirectoryPrincipalObservation`,`projectDirectoryPrincipalSnapshot()` — `projector_sources.go`,`DirectoryPrincipalSnapshot.payload.principals[*]`
fi.directory_principal,object_guid_raw,bytea,No,—,`NOT NULL CHECK (octet_length(object_guid_raw) = 16)`,payload.principals[*].object_guid_raw_base64url,records.DirectoryPrincipalObservation.ObjectGUIDRawBase64URL,base64url → 16-byte bytea,Direct JSON,`records.DirectoryPrincipalObservation`,`projectDirectoryPrincipalSnapshot()` — `projector_sources.go`,`DirectoryPrincipalSnapshot.payload.principals[*]`
fi.directory_principal,distinguished_name,text,No,—,`NOT NULL`,payload.principals[*].distinguished_name,records.DirectoryPrincipalObservation.DistinguishedName,Direct,Direct JSON,`records.DirectoryPrincipalObservation`,`projectDirectoryPrincipalSnapshot()` — `projector_sources.go`,`DirectoryPrincipalSnapshot.payload.principals[*]`
fi.directory_principal,sam_account_name,text,Yes,—,`—`,payload.principals[*].sam_account_name,records.DirectoryPrincipalObservation.SAMAccountName,Direct,Direct JSON,`records.DirectoryPrincipalObservation`,`projectDirectoryPrincipalSnapshot()` — `projector_sources.go`,`DirectoryPrincipalSnapshot.payload.principals[*]`
fi.directory_principal,user_principal_name,text,Yes,—,`—`,payload.principals[*].user_principal_name,records.DirectoryPrincipalObservation.UserPrincipalName,Direct,Direct JSON,`records.DirectoryPrincipalObservation`,`projectDirectoryPrincipalSnapshot()` — `projector_sources.go`,`DirectoryPrincipalSnapshot.payload.principals[*]`
fi.directory_principal,user_account_control_raw,bigint,Yes,—,`CHECK (user_account_control_raw IS NULL OR user_account_control_raw BETWEEN 0 AND 4294967295)`,payload.principals[*].user_account_control_raw,records.DirectoryPrincipalObservation.UserAccountControlRaw,optional decimal text → uint32 → bigint,Direct JSON,`records.DirectoryPrincipalObservation`,`projectDirectoryPrincipalSnapshot()` — `projector_sources.go`,`DirectoryPrincipalSnapshot.payload.principals[*]`
fi.directory_principal,account_disabled,boolean,Yes,—,`—`,payload.principals[*].account_disabled,records.DirectoryPrincipalObservation.AccountDisabled,Direct,Direct JSON,`records.DirectoryPrincipalObservation`,`projectDirectoryPrincipalSnapshot()` — `projector_sources.go`,`DirectoryPrincipalSnapshot.payload.principals[*]`
fi.directory_principal,primary_group_id_raw,bigint,Yes,—,`CHECK (primary_group_id_raw IS NULL OR primary_group_id_raw BETWEEN 0 AND 4294967295)`,payload.principals[*].primary_group_id_raw,records.DirectoryPrincipalObservation.PrimaryGroupIDRaw,optional decimal text → uint32 → bigint,Direct JSON,`records.DirectoryPrincipalObservation`,`projectDirectoryPrincipalSnapshot()` — `projector_sources.go`,`DirectoryPrincipalSnapshot.payload.principals[*]`
fi.directory_principal_class,source_record_id,bigint,No,"PK, FK → fi.directory_principal.source_record_id",`NOT NULL`,—,sourceRecordID,Derived by Go / relational lookup,Derived,`records.DirectoryPrincipalObservation.ObjectClasses []string`,`projectDirectoryPrincipalSnapshot()` — `projector_sources.go`,`DirectoryPrincipalSnapshot.payload.principals[*].object_classes[*]`
fi.directory_principal_class,principal_ordinal,integer,No,"PK, FK → fi.directory_principal.principal_ordinal",`NOT NULL`,—,i + 1,Derived by Go / relational lookup,Derived,`records.DirectoryPrincipalObservation.ObjectClasses []string`,`projectDirectoryPrincipalSnapshot()` — `projector_sources.go`,`DirectoryPrincipalSnapshot.payload.principals[*].object_classes[*]`
fi.directory_principal_class,class_ordinal,integer,No,PK,`NOT NULL CHECK (class_ordinal > 0)`,—,classIndex + 1,Derived by Go / relational lookup,Derived,`records.DirectoryPrincipalObservation.ObjectClasses []string`,`projectDirectoryPrincipalSnapshot()` — `projector_sources.go`,`DirectoryPrincipalSnapshot.payload.principals[*].object_classes[*]`
fi.directory_principal_class,object_class,text,No,—,`NOT NULL`,payload.principals[*].object_classes[*],records.DirectoryPrincipalObservation.ObjectClasses[classIndex],Direct,Direct JSON,`records.DirectoryPrincipalObservation.ObjectClasses []string`,`projectDirectoryPrincipalSnapshot()` — `projector_sources.go`,`DirectoryPrincipalSnapshot.payload.principals[*].object_classes[*]`
fi.directory_membership,source_record_id,bigint,No,"PK, FK → fi.directory_principal_snapshot.source_record_id, FK → fi.directory_principal.source_record_id, FK → fi.directory_principal.source_record_id",`NOT NULL`,—,sourceRecordID,Derived by Go / relational lookup,Derived,`records.DirectoryMembershipObservation`,`projectDirectoryPrincipalSnapshot()` — `projector_sources.go`,`DirectoryPrincipalSnapshot.payload.memberships[*]`
fi.directory_membership,membership_ordinal,integer,No,PK,`NOT NULL CHECK (membership_ordinal > 0)`,—,i + 1,Derived by Go / relational lookup,Derived,`records.DirectoryMembershipObservation`,`projectDirectoryPrincipalSnapshot()` — `projector_sources.go`,`DirectoryPrincipalSnapshot.payload.memberships[*]`
fi.directory_membership,member_sid,text,No,FK → fi.directory_principal.sid,`NOT NULL`,payload.memberships[*].member_sid,records.DirectoryMembershipObservation.MemberSID,Direct,Direct JSON,`records.DirectoryMembershipObservation`,`projectDirectoryPrincipalSnapshot()` — `projector_sources.go`,`DirectoryPrincipalSnapshot.payload.memberships[*]`
fi.directory_membership,group_sid,text,No,FK → fi.directory_principal.sid,`NOT NULL`,payload.memberships[*].group_sid,records.DirectoryMembershipObservation.GroupSID,Direct,Direct JSON,`records.DirectoryMembershipObservation`,`projectDirectoryPrincipalSnapshot()` — `projector_sources.go`,`DirectoryPrincipalSnapshot.payload.memberships[*]`
fi.directory_membership,source,text,No,—,`NOT NULL`,payload.memberships[*].source,records.DirectoryMembershipObservation.Source,enum → text,Direct JSON,`records.DirectoryMembershipObservation`,`projectDirectoryPrincipalSnapshot()` — `projector_sources.go`,`DirectoryPrincipalSnapshot.payload.memberships[*]`
fi.directory_not_found_sid,source_record_id,bigint,No,"PK, UQ(source_record_id, sid), FK → fi.directory_principal_snapshot.source_record_id",`NOT NULL`,—,sourceRecordID,Derived by Go / relational lookup,Derived,`records.DirectoryPrincipalSnapshot.NotFoundSIDs []string`,`projectDirectoryPrincipalSnapshot()` — `projector_sources.go`,`DirectoryPrincipalSnapshot.payload.not_found_sids[*]`
fi.directory_not_found_sid,sid_ordinal,integer,No,PK,`NOT NULL CHECK (sid_ordinal > 0)`,—,i + 1,Derived by Go / relational lookup,Derived,`records.DirectoryPrincipalSnapshot.NotFoundSIDs []string`,`projectDirectoryPrincipalSnapshot()` — `projector_sources.go`,`DirectoryPrincipalSnapshot.payload.not_found_sids[*]`
fi.directory_not_found_sid,sid,text,No,"UQ(source_record_id, sid)",`NOT NULL`,payload.not_found_sids[*],records.DirectoryPrincipalSnapshot.NotFoundSIDs[i],Direct,Direct JSON,`records.DirectoryPrincipalSnapshot.NotFoundSIDs []string`,`projectDirectoryPrincipalSnapshot()` — `projector_sources.go`,`DirectoryPrincipalSnapshot.payload.not_found_sids[*]`
fi.windows_security_coverage,source_record_id,bigint,No,"PK, FK → fi.source_record.source_record_id",`—`,—,sourceRecordID,Derived by Go / relational lookup,Derived,`records.WindowsSecurityCoverageObservation`,`projectWindowsSecurityCoverage()` — `projector_security.go`,`WindowsSecurityCoverage.payload`
fi.windows_security_coverage,observed_at,timestamptz,No,—,`NOT NULL`,payload.observed_at,records.WindowsSecurityCoverageObservation.ObservedAt,RFC3339 → timestamptz,Direct JSON,`records.WindowsSecurityCoverageObservation`,`projectWindowsSecurityCoverage()` — `projector_security.go`,`WindowsSecurityCoverage.payload`
fi.windows_security_coverage,collection_method,text,No,—,`NOT NULL`,payload.collection_method,records.WindowsSecurityCoverageObservation.CollectionMethod,Direct,Direct JSON,`records.WindowsSecurityCoverageObservation`,`projectWindowsSecurityCoverage()` — `projector_security.go`,`WindowsSecurityCoverage.payload`
fi.windows_security_coverage,security_log_readable,boolean,No,—,`NOT NULL`,payload.security_log_readable,records.WindowsSecurityCoverageObservation.SecurityLogReadable,Direct,Direct JSON,`records.WindowsSecurityCoverageObservation`,`projectWindowsSecurityCoverage()` — `projector_security.go`,`WindowsSecurityCoverage.payload`
fi.windows_security_coverage,status,text,No,—,"`NOT NULL CHECK (status IN ('Ready','Partial'))`",payload.status,records.WindowsSecurityCoverageObservation.Status,enum → text,Direct JSON,`records.WindowsSecurityCoverageObservation`,`projectWindowsSecurityCoverage()` — `projector_security.go`,`WindowsSecurityCoverage.payload`
fi.windows_security_audit_policy,source_record_id,bigint,No,"PK, FK → fi.windows_security_coverage.source_record_id",`NOT NULL`,—,sourceRecordID,Derived by Go / relational lookup,Derived,`records.WindowsSecurityAuditPolicyObservation`,`projectWindowsSecurityCoverage()` — `projector_security.go`,Four named policy objects under `WindowsSecurityCoverage.payload`
fi.windows_security_audit_policy,policy_kind,text,No,PK,"`NOT NULL CHECK (policy_kind IN ('FileSystem','HandleManipulation','DetailedFileShare','AuditPolicyChange'))`",—,item.kind,static: FileSystem / HandleManipulation / DetailedFileShare / AuditPolicyChange,Derived,`records.WindowsSecurityAuditPolicyObservation`,`projectWindowsSecurityCoverage()` — `projector_security.go`,Four named policy objects under `WindowsSecurityCoverage.payload`
fi.windows_security_audit_policy,subcategory_guid,text,No,—,`NOT NULL`,payload.{file_system_policy|handle_manipulation_policy|detailed_file_share_policy|audit_policy_change_policy}.subcategory_guid,records.WindowsSecurityAuditPolicyObservation.SubcategoryGUID,Direct,Direct JSON,`records.WindowsSecurityAuditPolicyObservation`,`projectWindowsSecurityCoverage()` — `projector_security.go`,Four named policy objects under `WindowsSecurityCoverage.payload`
fi.windows_security_audit_policy,auditing_information,text,No,—,`NOT NULL`,payload.{policy}.auditing_information,records.WindowsSecurityAuditPolicyObservation.AuditingInformation,Direct,Direct JSON,`records.WindowsSecurityAuditPolicyObservation`,`projectWindowsSecurityCoverage()` — `projector_security.go`,Four named policy objects under `WindowsSecurityCoverage.payload`
fi.windows_security_audit_policy,success_enabled,boolean,No,—,`NOT NULL`,payload.{policy}.success_enabled,records.WindowsSecurityAuditPolicyObservation.SuccessEnabled,Direct,Direct JSON,`records.WindowsSecurityAuditPolicyObservation`,`projectWindowsSecurityCoverage()` — `projector_security.go`,Four named policy objects under `WindowsSecurityCoverage.payload`
fi.windows_security_audit_policy,failure_enabled,boolean,No,—,`NOT NULL`,payload.{policy}.failure_enabled,records.WindowsSecurityAuditPolicyObservation.FailureEnabled,Direct,Direct JSON,`records.WindowsSecurityAuditPolicyObservation`,`projectWindowsSecurityCoverage()` — `projector_security.go`,Four named policy objects under `WindowsSecurityCoverage.payload`
fi.windows_security_audit_policy,reason_code,text,Yes,—,`—`,payload.{policy}.reason_code,records.WindowsSecurityAuditPolicyObservation.ReasonCode,empty → NULL,Direct JSON,`records.WindowsSecurityAuditPolicyObservation`,`projectWindowsSecurityCoverage()` — `projector_security.go`,Four named policy objects under `WindowsSecurityCoverage.payload`
fi.windows_security_root_coverage,source_record_id,bigint,No,"PK, UQ(source_record_id, scope_id), FK → fi.windows_security_coverage.source_record_id",`NOT NULL`,—,sourceRecordID,Derived by Go / relational lookup,Derived,`records.WindowsSecurityRootAuditCoverage`,`projectWindowsSecurityCoverage()` — `projector_security.go`,`WindowsSecurityCoverage.payload.roots[*]`
fi.windows_security_root_coverage,root_ordinal,integer,No,PK,`NOT NULL CHECK (root_ordinal > 0)`,—,i + 1,Derived by Go / relational lookup,Derived,`records.WindowsSecurityRootAuditCoverage`,`projectWindowsSecurityCoverage()` — `projector_security.go`,`WindowsSecurityCoverage.payload.roots[*]`
fi.windows_security_root_coverage,scope_id,text,No,"UQ(source_record_id, scope_id)",`NOT NULL`,payload.roots[*].scope_id,records.WindowsSecurityRootAuditCoverage.ScopeID,Direct,Direct JSON,`records.WindowsSecurityRootAuditCoverage`,`projectWindowsSecurityCoverage()` — `projector_security.go`,`WindowsSecurityCoverage.payload.roots[*]`
fi.windows_security_root_coverage,governed_root,text,No,—,`NOT NULL`,payload.roots[*].governed_root,records.WindowsSecurityRootAuditCoverage.GovernedRoot,Direct,Direct JSON,`records.WindowsSecurityRootAuditCoverage`,`projectWindowsSecurityCoverage()` — `projector_security.go`,`WindowsSecurityCoverage.payload.roots[*]`
fi.windows_security_root_coverage,sacl_state,text,No,—,`NOT NULL`,payload.roots[*].sacl_state,records.WindowsSecurityRootAuditCoverage.SACLState,Direct,Direct JSON,`records.WindowsSecurityRootAuditCoverage`,`projectWindowsSecurityCoverage()` — `projector_security.go`,`WindowsSecurityCoverage.payload.roots[*]`
fi.windows_security_root_coverage,recommended_change_audit_present,boolean,No,—,`NOT NULL`,payload.roots[*].recommended_change_audit_present,records.WindowsSecurityRootAuditCoverage.RecommendedChangeAuditPresent,Direct,Direct JSON,`records.WindowsSecurityRootAuditCoverage`,`projectWindowsSecurityCoverage()` — `projector_security.go`,`WindowsSecurityCoverage.payload.roots[*]`
fi.windows_security_root_coverage,recommended_read_audit_present,boolean,No,—,`NOT NULL`,payload.roots[*].recommended_read_audit_present,records.WindowsSecurityRootAuditCoverage.RecommendedReadAuditPresent,Direct,Direct JSON,`records.WindowsSecurityRootAuditCoverage`,`projectWindowsSecurityCoverage()` — `projector_security.go`,`WindowsSecurityCoverage.payload.roots[*]`
fi.windows_security_root_coverage,reason_code,text,Yes,—,`—`,payload.roots[*].reason_code,records.WindowsSecurityRootAuditCoverage.ReasonCode,Direct,Direct JSON,`records.WindowsSecurityRootAuditCoverage`,`projectWindowsSecurityCoverage()` — `projector_security.go`,`WindowsSecurityCoverage.payload.roots[*]`
fi.windows_security_event,source_record_id,bigint,No,"PK, FK → fi.source_record.source_record_id",`—`,—,sourceRecordID,Derived by Go / relational lookup,Derived,`records.WindowsSecurityEventObservation`,`projectWindowsSecurityEvent()` — `projector_security.go`,`WindowsSecurityEvent.payload`
fi.windows_security_event,observed_at,timestamptz,No,—,`NOT NULL`,payload.observed_at,records.WindowsSecurityEventObservation.ObservedAt,RFC3339 → timestamptz,Direct JSON,`records.WindowsSecurityEventObservation`,`projectWindowsSecurityEvent()` — `projector_security.go`,`WindowsSecurityEvent.payload`
fi.windows_security_event,collection_method,text,No,—,`NOT NULL`,payload.collection_method,records.WindowsSecurityEventObservation.CollectionMethod,Direct,Direct JSON,`records.WindowsSecurityEventObservation`,`projectWindowsSecurityEvent()` — `projector_security.go`,`WindowsSecurityEvent.payload`
fi.windows_security_event,channel,text,No,—,`NOT NULL`,payload.channel,records.WindowsSecurityEventObservation.Channel,Direct,Direct JSON,`records.WindowsSecurityEventObservation`,`projectWindowsSecurityEvent()` — `projector_security.go`,`WindowsSecurityEvent.payload`
fi.windows_security_event,provider,text,No,—,`NOT NULL`,payload.provider,records.WindowsSecurityEventObservation.Provider,Direct,Direct JSON,`records.WindowsSecurityEventObservation`,`projectWindowsSecurityEvent()` — `projector_security.go`,`WindowsSecurityEvent.payload`
fi.windows_security_event,event_id,bigint,No,—,`NOT NULL CHECK (event_id >= 0)`,payload.event_id,records.WindowsSecurityEventObservation.EventID,decimal text → uint63 → bigint,Direct JSON,`records.WindowsSecurityEventObservation`,`projectWindowsSecurityEvent()` — `projector_security.go`,`WindowsSecurityEvent.payload`
fi.windows_security_event,version,text,Yes,—,`—`,payload.version,records.WindowsSecurityEventObservation.Version,Direct,Direct JSON,`records.WindowsSecurityEventObservation`,`projectWindowsSecurityEvent()` — `projector_security.go`,`WindowsSecurityEvent.payload`
fi.windows_security_event,event_record_id,"numeric(20,0)",No,—,`NOT NULL CHECK (event_record_id >= 0)`,payload.event_record_id,records.WindowsSecurityEventObservation.EventRecordID,"canonical decimal text → numeric(20,0)",Direct JSON,`records.WindowsSecurityEventObservation`,`projectWindowsSecurityEvent()` — `projector_security.go`,`WindowsSecurityEvent.payload`
fi.windows_security_event,time_created,timestamptz,No,—,`NOT NULL`,payload.time_created,records.WindowsSecurityEventObservation.TimeCreated,RFC3339 → timestamptz,Direct JSON,`records.WindowsSecurityEventObservation`,`projectWindowsSecurityEvent()` — `projector_security.go`,`WindowsSecurityEvent.payload`
fi.windows_security_event,computer,text,No,—,`NOT NULL`,payload.computer,records.WindowsSecurityEventObservation.Computer,Direct,Direct JSON,`records.WindowsSecurityEventObservation`,`projectWindowsSecurityEvent()` — `projector_security.go`,`WindowsSecurityEvent.payload`
fi.windows_security_event,keywords,text,Yes,—,`—`,payload.keywords,records.WindowsSecurityEventObservation.Keywords,Direct,Direct JSON,`records.WindowsSecurityEventObservation`,`projectWindowsSecurityEvent()` — `projector_security.go`,`WindowsSecurityEvent.payload`
fi.windows_security_event,audit_result,text,No,—,"`NOT NULL CHECK (audit_result IN ('Success','Failure','NotApplicable','Unknown'))`",payload.audit_result,records.WindowsSecurityEventObservation.AuditResult,enum → text,Direct JSON,`records.WindowsSecurityEventObservation`,`projectWindowsSecurityEvent()` — `projector_security.go`,`WindowsSecurityEvent.payload`
fi.windows_security_event,scope_basis,text,No,—,"`NOT NULL CHECK (scope_basis IN ('PathMatched','HardLinkPathMatched','SharePathMatched','UnresolvedFileDeleteIncluded','HostMonitoringChange'))`",payload.scope_basis,records.WindowsSecurityEventObservation.ScopeBasis,enum → text,Direct JSON,`records.WindowsSecurityEventObservation`,`projectWindowsSecurityEvent()` — `projector_security.go`,`WindowsSecurityEvent.payload`
fi.windows_security_event,subject_user_sid,text,Yes,—,`—`,payload.subject_user_sid,records.WindowsSecurityEventObservation.SubjectUserSID,Direct,Direct JSON,`records.WindowsSecurityEventObservation`,`projectWindowsSecurityEvent()` — `projector_security.go`,`WindowsSecurityEvent.payload`
fi.windows_security_event,subject_user_name,text,Yes,—,`—`,payload.subject_user_name,records.WindowsSecurityEventObservation.SubjectUserName,Direct,Direct JSON,`records.WindowsSecurityEventObservation`,`projectWindowsSecurityEvent()` — `projector_security.go`,`WindowsSecurityEvent.payload`
fi.windows_security_event,subject_domain_name,text,Yes,—,`—`,payload.subject_domain_name,records.WindowsSecurityEventObservation.SubjectDomainName,Direct,Direct JSON,`records.WindowsSecurityEventObservation`,`projectWindowsSecurityEvent()` — `projector_security.go`,`WindowsSecurityEvent.payload`
fi.windows_security_event,subject_logon_id,text,Yes,—,`—`,payload.subject_logon_id,records.WindowsSecurityEventObservation.SubjectLogonID,Direct,Direct JSON,`records.WindowsSecurityEventObservation`,`projectWindowsSecurityEvent()` — `projector_security.go`,`WindowsSecurityEvent.payload`
fi.windows_security_event,object_server,text,Yes,—,`—`,payload.object_server,records.WindowsSecurityEventObservation.ObjectServer,Direct,Direct JSON,`records.WindowsSecurityEventObservation`,`projectWindowsSecurityEvent()` — `projector_security.go`,`WindowsSecurityEvent.payload`
fi.windows_security_event,object_type,text,Yes,—,`—`,payload.object_type,records.WindowsSecurityEventObservation.ObjectType,Direct,Direct JSON,`records.WindowsSecurityEventObservation`,`projectWindowsSecurityEvent()` — `projector_security.go`,`WindowsSecurityEvent.payload`
fi.windows_security_event,object_name,text,Yes,—,`—`,payload.object_name,records.WindowsSecurityEventObservation.ObjectName,Direct,Direct JSON,`records.WindowsSecurityEventObservation`,`projectWindowsSecurityEvent()` — `projector_security.go`,`WindowsSecurityEvent.payload`
fi.windows_security_event,handle_id,text,Yes,—,`—`,payload.handle_id,records.WindowsSecurityEventObservation.HandleID,Direct,Direct JSON,`records.WindowsSecurityEventObservation`,`projectWindowsSecurityEvent()` — `projector_security.go`,`WindowsSecurityEvent.payload`
fi.windows_security_event,process_id,text,Yes,—,`—`,payload.process_id,records.WindowsSecurityEventObservation.ProcessID,Direct,Direct JSON,`records.WindowsSecurityEventObservation`,`projectWindowsSecurityEvent()` — `projector_security.go`,`WindowsSecurityEvent.payload`
fi.windows_security_event,process_name,text,Yes,—,`—`,payload.process_name,records.WindowsSecurityEventObservation.ProcessName,Direct,Direct JSON,`records.WindowsSecurityEventObservation`,`projectWindowsSecurityEvent()` — `projector_security.go`,`WindowsSecurityEvent.payload`
fi.windows_security_event,access_mask,text,Yes,—,`—`,payload.access_mask,records.WindowsSecurityEventObservation.AccessMask,Direct,Direct JSON,`records.WindowsSecurityEventObservation`,`projectWindowsSecurityEvent()` — `projector_security.go`,`WindowsSecurityEvent.payload`
fi.windows_security_event,access_list,text,Yes,—,`—`,payload.access_list,records.WindowsSecurityEventObservation.AccessList,Direct,Direct JSON,`records.WindowsSecurityEventObservation`,`projectWindowsSecurityEvent()` — `projector_security.go`,`WindowsSecurityEvent.payload`
fi.windows_security_event,access_reason,text,Yes,—,`—`,payload.access_reason,records.WindowsSecurityEventObservation.AccessReason,Direct,Direct JSON,`records.WindowsSecurityEventObservation`,`projectWindowsSecurityEvent()` — `projector_security.go`,`WindowsSecurityEvent.payload`
fi.windows_security_event,transaction_id,text,Yes,—,`—`,payload.transaction_id,records.WindowsSecurityEventObservation.TransactionID,Direct,Direct JSON,`records.WindowsSecurityEventObservation`,`projectWindowsSecurityEvent()` — `projector_security.go`,`WindowsSecurityEvent.payload`
fi.windows_security_event,file_name,text,Yes,—,`—`,payload.file_name,records.WindowsSecurityEventObservation.FileName,Direct,Direct JSON,`records.WindowsSecurityEventObservation`,`projectWindowsSecurityEvent()` — `projector_security.go`,`WindowsSecurityEvent.payload`
fi.windows_security_event,link_name,text,Yes,—,`—`,payload.link_name,records.WindowsSecurityEventObservation.LinkName,Direct,Direct JSON,`records.WindowsSecurityEventObservation`,`projectWindowsSecurityEvent()` — `projector_security.go`,`WindowsSecurityEvent.payload`
fi.windows_security_event,source_ip,text,Yes,—,`—`,payload.source_ip,records.WindowsSecurityEventObservation.SourceIP,Direct,Direct JSON,`records.WindowsSecurityEventObservation`,`projectWindowsSecurityEvent()` — `projector_security.go`,`WindowsSecurityEvent.payload`
fi.windows_security_event,source_port,text,Yes,—,`—`,payload.source_port,records.WindowsSecurityEventObservation.SourcePort,Direct,Direct JSON,`records.WindowsSecurityEventObservation`,`projectWindowsSecurityEvent()` — `projector_security.go`,`WindowsSecurityEvent.payload`
fi.windows_security_event,share_name,text,Yes,—,`—`,payload.share_name,records.WindowsSecurityEventObservation.ShareName,Direct,Direct JSON,`records.WindowsSecurityEventObservation`,`projectWindowsSecurityEvent()` — `projector_security.go`,`WindowsSecurityEvent.payload`
fi.windows_security_event,share_local_path,text,Yes,—,`—`,payload.share_local_path,records.WindowsSecurityEventObservation.ShareLocalPath,Direct,Direct JSON,`records.WindowsSecurityEventObservation`,`projectWindowsSecurityEvent()` — `projector_security.go`,`WindowsSecurityEvent.payload`
fi.windows_security_event,relative_target_name,text,Yes,—,`—`,payload.relative_target_name,records.WindowsSecurityEventObservation.RelativeTargetName,Direct,Direct JSON,`records.WindowsSecurityEventObservation`,`projectWindowsSecurityEvent()` — `projector_security.go`,`WindowsSecurityEvent.payload`
fi.windows_security_event,old_security_descriptor,text,Yes,—,`—`,payload.old_security_descriptor,records.WindowsSecurityEventObservation.OldSecurityDescriptor,Direct,Direct JSON,`records.WindowsSecurityEventObservation`,`projectWindowsSecurityEvent()` — `projector_security.go`,`WindowsSecurityEvent.payload`
fi.windows_security_event,new_security_descriptor,text,Yes,—,`—`,payload.new_security_descriptor,records.WindowsSecurityEventObservation.NewSecurityDescriptor,Direct,Direct JSON,`records.WindowsSecurityEventObservation`,`projectWindowsSecurityEvent()` — `projector_security.go`,`WindowsSecurityEvent.payload`
fi.windows_security_event,subcategory_guid,text,Yes,—,`—`,payload.subcategory_guid,records.WindowsSecurityEventObservation.SubcategoryGUID,Direct,Direct JSON,`records.WindowsSecurityEventObservation`,`projectWindowsSecurityEvent()` — `projector_security.go`,`WindowsSecurityEvent.payload`
fi.windows_security_event,audit_policy_changes,text,Yes,—,`—`,payload.audit_policy_changes,records.WindowsSecurityEventObservation.AuditPolicyChanges,Direct,Direct JSON,`records.WindowsSecurityEventObservation`,`projectWindowsSecurityEvent()` — `projector_security.go`,`WindowsSecurityEvent.payload`
fi.windows_security_event,raw_xml_bytes,integer,No,—,`NOT NULL CHECK (raw_xml_bytes > 0)`,payload.raw_xml,len([]byte(value.RawXML)),byte length of `records.WindowsSecurityEventObservation.RawXML`,Derived,`records.WindowsSecurityEventObservation`,`projectWindowsSecurityEvent()` — `projector_security.go`,`WindowsSecurityEvent.payload`
fi.windows_security_event,raw_xml_sha256,bytea,No,—,`NOT NULL CHECK (octet_length(raw_xml_sha256) = 32)`,payload.raw_xml,sha256.Sum256([]byte(value.RawXML)),SHA-256 of exact `RawXML` Go string bytes → 32-byte bytea,Derived,`records.WindowsSecurityEventObservation`,`projectWindowsSecurityEvent()` — `projector_security.go`,`WindowsSecurityEvent.payload`
fi.windows_security_event_scope,source_record_id,bigint,No,"PK, UQ(source_record_id, scope_id), FK → fi.windows_security_event.source_record_id",`NOT NULL`,—,sourceRecordID,Derived by Go / relational lookup,Derived,`records.WindowsSecurityMatchedScope`,`projectWindowsSecurityEvent()` — `projector_security.go`,`WindowsSecurityEvent.payload.matched_scopes[*]`
fi.windows_security_event_scope,scope_ordinal,integer,No,PK,`NOT NULL CHECK (scope_ordinal > 0)`,—,i + 1,Derived by Go / relational lookup,Derived,`records.WindowsSecurityMatchedScope`,`projectWindowsSecurityEvent()` — `projector_security.go`,`WindowsSecurityEvent.payload.matched_scopes[*]`
fi.windows_security_event_scope,scope_id,text,No,"UQ(source_record_id, scope_id)",`NOT NULL`,payload.matched_scopes[*].scope_id,records.WindowsSecurityMatchedScope.ScopeID,Direct,Direct JSON,`records.WindowsSecurityMatchedScope`,`projectWindowsSecurityEvent()` — `projector_security.go`,`WindowsSecurityEvent.payload.matched_scopes[*]`
fi.windows_security_event_scope,governed_root,text,No,—,`NOT NULL`,payload.matched_scopes[*].governed_root,records.WindowsSecurityMatchedScope.GovernedRoot,Direct,Direct JSON,`records.WindowsSecurityMatchedScope`,`projectWindowsSecurityEvent()` — `projector_security.go`,`WindowsSecurityEvent.payload.matched_scopes[*]`
fi.windows_security_event_field,source_record_id,bigint,No,"PK, FK → fi.windows_security_event.source_record_id",`NOT NULL`,—,sourceRecordID,Derived by Go / relational lookup,Derived,`records.WindowsSecurityEventField`,`projectWindowsSecurityEvent()` — `projector_security.go`,`WindowsSecurityEvent.payload.fields[*]`
fi.windows_security_event_field,field_ordinal,integer,No,PK,`NOT NULL CHECK (field_ordinal > 0)`,—,i + 1,Derived by Go / relational lookup,Derived,`records.WindowsSecurityEventField`,`projectWindowsSecurityEvent()` — `projector_security.go`,`WindowsSecurityEvent.payload.fields[*]`
fi.windows_security_event_field,name,text,No,—,`NOT NULL`,payload.fields[*].name,records.WindowsSecurityEventField.Name,Direct,Direct JSON,`records.WindowsSecurityEventField`,`projectWindowsSecurityEvent()` — `projector_security.go`,`WindowsSecurityEvent.payload.fields[*]`
fi.windows_security_event_field,value,text,No,—,`NOT NULL`,payload.fields[*].value,records.WindowsSecurityEventField.Value,Direct,Direct JSON,`records.WindowsSecurityEventField`,`projectWindowsSecurityEvent()` — `projector_security.go`,`WindowsSecurityEvent.payload.fields[*]`
fi.windows_security_continuity_gap,source_record_id,bigint,No,"PK, FK → fi.source_record.source_record_id",`—`,—,sourceRecordID,Derived by Go / relational lookup,Derived,`records.WindowsSecurityContinuityGapObservation`,`projectWindowsSecurityContinuityGap()` — `projector_security.go`,`WindowsSecurityContinuityGap.payload`
fi.windows_security_continuity_gap,observed_at,timestamptz,No,—,`NOT NULL`,payload.observed_at,records.WindowsSecurityContinuityGapObservation.ObservedAt,RFC3339 → timestamptz,Direct JSON,`records.WindowsSecurityContinuityGapObservation`,`projectWindowsSecurityContinuityGap()` — `projector_security.go`,`WindowsSecurityContinuityGap.payload`
fi.windows_security_continuity_gap,collection_method,text,No,—,`NOT NULL`,payload.collection_method,records.WindowsSecurityContinuityGapObservation.CollectionMethod,Direct,Direct JSON,`records.WindowsSecurityContinuityGapObservation`,`projectWindowsSecurityContinuityGap()` — `projector_security.go`,`WindowsSecurityContinuityGap.payload`
fi.windows_security_continuity_gap,channel,text,No,—,`NOT NULL CHECK (channel = 'Security')`,payload.channel,records.WindowsSecurityContinuityGapObservation.Channel,Direct,Direct JSON,`records.WindowsSecurityContinuityGapObservation`,`projectWindowsSecurityContinuityGap()` — `projector_security.go`,`WindowsSecurityContinuityGap.payload`
fi.windows_security_continuity_gap,scope_id,text,No,—,`NOT NULL`,payload.scope_id,records.WindowsSecurityContinuityGapObservation.ScopeID,Direct,Direct JSON,`records.WindowsSecurityContinuityGapObservation`,`projectWindowsSecurityContinuityGap()` — `projector_security.go`,`WindowsSecurityContinuityGap.payload`
fi.windows_security_continuity_gap,reason_code,text,No,—,"`NOT NULL CHECK (reason_code IN ('SecurityLogResetOrCleared','SecurityLogRecordsOverwritten'))`",payload.reason_code,records.WindowsSecurityContinuityGapObservation.ReasonCode,Direct,Direct JSON,`records.WindowsSecurityContinuityGapObservation`,`projectWindowsSecurityContinuityGap()` — `projector_security.go`,`WindowsSecurityContinuityGap.payload`
fi.windows_security_continuity_gap,checkpoint_event_record_id,"numeric(20,0)",No,—,`NOT NULL CHECK (checkpoint_event_record_id >= 0)`,payload.checkpoint_event_record_id,records.WindowsSecurityContinuityGapObservation.CheckpointEventRecordID,"canonical decimal text → numeric(20,0)",Direct JSON,`records.WindowsSecurityContinuityGapObservation`,`projectWindowsSecurityContinuityGap()` — `projector_security.go`,`WindowsSecurityContinuityGap.payload`
fi.windows_security_continuity_gap,current_oldest_event_record_id,"numeric(20,0)",No,—,`NOT NULL CHECK (current_oldest_event_record_id >= 0)`,payload.current_oldest_event_record_id,records.WindowsSecurityContinuityGapObservation.CurrentOldestEventRecordID,"canonical decimal text → numeric(20,0)",Direct JSON,`records.WindowsSecurityContinuityGapObservation`,`projectWindowsSecurityContinuityGap()` — `projector_security.go`,`WindowsSecurityContinuityGap.payload`
fi.windows_security_continuity_gap,current_newest_event_record_id,"numeric(20,0)",No,—,`NOT NULL CHECK (current_newest_event_record_id >= 0)`,payload.current_newest_event_record_id,records.WindowsSecurityContinuityGapObservation.CurrentNewestEventRecordID,"canonical decimal text → numeric(20,0)",Direct JSON,`records.WindowsSecurityContinuityGapObservation`,`projectWindowsSecurityContinuityGap()` — `projector_security.go`,`WindowsSecurityContinuityGap.payload`
fi.windows_security_continuity_gap,coverage_state,text,No,—,`NOT NULL CHECK (coverage_state = 'Incomplete')`,payload.coverage_state,records.WindowsSecurityContinuityGapObservation.CoverageState,Direct,Direct JSON,`records.WindowsSecurityContinuityGapObservation`,`projectWindowsSecurityContinuityGap()` — `projector_security.go`,`WindowsSecurityContinuityGap.payload`
fi.windows_security_continuity_gap,reconciliation_action,text,No,—,`NOT NULL CHECK (reconciliation_action = 'CurrentStateBaseline')`,payload.reconciliation_action,records.WindowsSecurityContinuityGapObservation.ReconciliationAction,Direct,Direct JSON,`records.WindowsSecurityContinuityGapObservation`,`projectWindowsSecurityContinuityGap()` — `projector_security.go`,`WindowsSecurityContinuityGap.payload`
fi.ntfs_collection_error,source_record_id,bigint,No,"PK, FK → fi.source_record.source_record_id",`—`,—,sourceRecordID,Derived by Go / relational lookup,Derived,`recordingest.ntfsCollectionErrorPayload`,`projectNTFSCollectionError()` — `projector_sources.go`,`NTFSCollectionError.payload`
fi.ntfs_collection_error,path_display,text,No,—,`NOT NULL`,payload.path_display,ntfsCollectionErrorPayload.PathDisplay,Direct,Direct JSON,`recordingest.ntfsCollectionErrorPayload`,`projectNTFSCollectionError()` — `projector_sources.go`,`NTFSCollectionError.payload`
fi.ntfs_collection_error,path_utf16le,bytea,No,—,`NOT NULL`,payload.path_utf16le_base64url,ntfsCollectionErrorPayload.PathUTF16LEBase64URL,base64url → bytea,Direct JSON,`recordingest.ntfsCollectionErrorPayload`,`projectNTFSCollectionError()` — `projector_sources.go`,`NTFSCollectionError.payload`
fi.ntfs_collection_error,error_text,text,No,—,`NOT NULL`,payload.error,ntfsCollectionErrorPayload.Error,Direct,Direct JSON,`recordingest.ntfsCollectionErrorPayload`,`projectNTFSCollectionError()` — `projector_sources.go`,`NTFSCollectionError.payload`
fi.supporting_source_collection_error,source_record_id,bigint,No,"PK, FK → fi.source_record.source_record_id",`—`,—,sourceRecordID,Derived by Go / relational lookup,Derived,`recordingest.supportingSourceCollectionErrorPayload`,`projectSupportingSourceCollectionError()` — `projector_sources.go`,`SupportingSourceCollectionError.payload`
fi.supporting_source_collection_error,source,text,No,—,`NOT NULL`,payload.source,supportingSourceCollectionErrorPayload.Source,Direct,Direct JSON,`recordingest.supportingSourceCollectionErrorPayload`,`projectSupportingSourceCollectionError()` — `projector_sources.go`,`SupportingSourceCollectionError.payload`
fi.supporting_source_collection_error,error_text,text,No,—,`NOT NULL`,payload.error,supportingSourceCollectionErrorPayload.Error,Direct,Direct JSON,`recordingest.supportingSourceCollectionErrorPayload`,`projectSupportingSourceCollectionError()` — `projector_sources.go`,`SupportingSourceCollectionError.payload`
fi.usn_read_boundary,source_record_id,bigint,No,"PK, FK → fi.source_record.source_record_id",`—`,—,sourceRecordID,Derived by Go / relational lookup,Derived,"`recordingest.usnReadBoundaryPayload`, `records.VolumeIdentity`",`projectUSNReadBoundary()` — `projector_usn.go`,`USNReadBoundary.payload`
fi.usn_read_boundary,observed_at,timestamptz,No,—,`NOT NULL`,payload.observed_at,usnReadBoundaryPayload.ObservedAt,RFC3339 → timestamptz,Direct JSON,"`recordingest.usnReadBoundaryPayload`, `records.VolumeIdentity`",`projectUSNReadBoundary()` — `projector_usn.go`,`USNReadBoundary.payload`
fi.usn_read_boundary,collection_method,text,No,—,`NOT NULL`,payload.collection_method,usnReadBoundaryPayload.CollectionMethod,Direct,Direct JSON,"`recordingest.usnReadBoundaryPayload`, `records.VolumeIdentity`",`projectUSNReadBoundary()` — `projector_usn.go`,`USNReadBoundary.payload`
fi.usn_read_boundary,ntfs_volume_id,bigint,No,FK → fi.ntfs_volume.ntfs_volume_id,`NOT NULL`,payload.volume_identity,volumeID,`records.VolumeIdentity` resolved by `ensureNTFSVolume(value.VolumeIdentity)`,Derived,"`recordingest.usnReadBoundaryPayload`, `records.VolumeIdentity`",`projectUSNReadBoundary()` — `projector_usn.go`,`USNReadBoundary.payload`
fi.usn_read_boundary,journal_id,"numeric(20,0)",No,—,`NOT NULL CHECK (journal_id >= 0)`,payload.journal_id,usnReadBoundaryPayload.JournalID,"canonical decimal text → numeric(20,0)",Direct JSON,"`recordingest.usnReadBoundaryPayload`, `records.VolumeIdentity`",`projectUSNReadBoundary()` — `projector_usn.go`,`USNReadBoundary.payload`
fi.usn_read_boundary,start_usn,"numeric(20,0)",No,—,`NOT NULL CHECK (start_usn >= 0)`,payload.start_usn,usnReadBoundaryPayload.StartUSN,"canonical decimal text → numeric(20,0)",Direct JSON,"`recordingest.usnReadBoundaryPayload`, `records.VolumeIdentity`",`projectUSNReadBoundary()` — `projector_usn.go`,`USNReadBoundary.payload`
fi.usn_read_boundary,next_usn,"numeric(20,0)",No,—,`NOT NULL CHECK (next_usn >= 0)`,payload.next_usn,usnReadBoundaryPayload.NextUSN,"canonical decimal text → numeric(20,0)",Direct JSON,"`recordingest.usnReadBoundaryPayload`, `records.VolumeIdentity`",`projectUSNReadBoundary()` — `projector_usn.go`,`USNReadBoundary.payload`
fi.usn_read_boundary,source_record_count,integer,No,—,`NOT NULL CHECK (source_record_count >= 0)`,payload.source_record_count,usnReadBoundaryPayload.SourceRecordCount,Direct,Direct JSON,"`recordingest.usnReadBoundaryPayload`, `records.VolumeIdentity`",`projectUSNReadBoundary()` — `projector_usn.go`,`USNReadBoundary.payload`
fi.usn_read_boundary,source_distinct_object_count,integer,No,—,`NOT NULL CHECK (source_distinct_object_count >= 0)`,payload.source_distinct_object_count,usnReadBoundaryPayload.SourceDistinctObjectCount,Direct,Direct JSON,"`recordingest.usnReadBoundaryPayload`, `records.VolumeIdentity`",`projectUSNReadBoundary()` — `projector_usn.go`,`USNReadBoundary.payload`
fi.usn_read_boundary,selected_record_count,integer,No,—,`NOT NULL CHECK (selected_record_count >= 0)`,payload.selected_record_count,usnReadBoundaryPayload.SelectedRecordCount,Direct,Direct JSON,"`recordingest.usnReadBoundaryPayload`, `records.VolumeIdentity`",`projectUSNReadBoundary()` — `projector_usn.go`,`USNReadBoundary.payload`
fi.usn_read_boundary,selected_object_count,integer,No,—,`NOT NULL CHECK (selected_object_count >= 0)`,payload.selected_object_count,usnReadBoundaryPayload.SelectedObjectCount,Direct,Direct JSON,"`recordingest.usnReadBoundaryPayload`, `records.VolumeIdentity`",`projectUSNReadBoundary()` — `projector_usn.go`,`USNReadBoundary.payload`
fi.usn_read_boundary,ignored_volume_record_count,integer,No,—,`NOT NULL CHECK (ignored_volume_record_count >= 0)`,payload.ignored_volume_record_count,usnReadBoundaryPayload.IgnoredVolumeRecordCount,Direct,Direct JSON,"`recordingest.usnReadBoundaryPayload`, `records.VolumeIdentity`",`projectUSNReadBoundary()` — `projector_usn.go`,`USNReadBoundary.payload`
fi.usn_read_boundary,ignored_volume_object_count,integer,No,—,`NOT NULL CHECK (ignored_volume_object_count >= 0)`,payload.ignored_volume_object_count,usnReadBoundaryPayload.IgnoredVolumeObjectCount,Direct,Direct JSON,"`recordingest.usnReadBoundaryPayload`, `records.VolumeIdentity`",`projectUSNReadBoundary()` — `projector_usn.go`,`USNReadBoundary.payload`
fi.usn_read_boundary,scope_unresolved_object_count,integer,No,—,`NOT NULL CHECK (scope_unresolved_object_count >= 0)`,payload.scope_unresolved_object_count,usnReadBoundaryPayload.ScopeUnresolvedObjectCount,Direct,Direct JSON,"`recordingest.usnReadBoundaryPayload`, `records.VolumeIdentity`",`projectUSNReadBoundary()` — `projector_usn.go`,`USNReadBoundary.payload`
fi.usn_read_boundary,usn_read_operation_id,text,No,—,`NOT NULL`,payload.usn_read_operation_id,usnReadBoundaryPayload.USNReadOperationID,Direct,Direct JSON,"`recordingest.usnReadBoundaryPayload`, `records.VolumeIdentity`",`projectUSNReadBoundary()` — `projector_usn.go`,`USNReadBoundary.payload`
fi.usn_read_boundary,reobservation_operation_id,text,No,—,`NOT NULL`,payload.reobservation_operation_id,usnReadBoundaryPayload.ReObservationOperationID,Direct,Direct JSON,"`recordingest.usnReadBoundaryPayload`, `records.VolumeIdentity`",`projectUSNReadBoundary()` — `projector_usn.go`,`USNReadBoundary.payload`
fi.usn_object_observation,source_record_id,bigint,No,"PK, FK → fi.source_record.source_record_id",`—`,—,sourceRecordID,Derived by Go / relational lookup,Derived,"`recordingest.usnObjectObservationPayload`, `records.NTFSObjectIdentity`",`projectUSNObjectObservation()` — `projector_usn.go`,`USNObjectObservation.payload`
fi.usn_object_observation,scope_basis,text,No,—,"`NOT NULL CHECK (scope_basis IN ('CurrentObjectContained','CurrentObjectContainedByHelper','RecordedAncestorContained','RecordedParentContained','ScopeUnresolvedIncluded'))`",payload.scope_basis,usnObjectObservationPayload.ScopeBasis,Direct,Direct JSON,"`recordingest.usnObjectObservationPayload`, `records.NTFSObjectIdentity`",`projectUSNObjectObservation()` — `projector_usn.go`,`USNObjectObservation.payload`
fi.usn_object_observation,scope_detail,text,Yes,—,`—`,payload.scope_detail,usnObjectObservationPayload.ScopeDetail,empty → NULL,Direct JSON,"`recordingest.usnObjectObservationPayload`, `records.NTFSObjectIdentity`",`projectUSNObjectObservation()` — `projector_usn.go`,`USNObjectObservation.payload`
fi.usn_object_observation,status,text,No,—,"`NOT NULL CHECK (status IN ('Observed','OutsideGovernedRoot','Unavailable','Error'))`",payload.status,usnObjectObservationPayload.Status,Direct,Direct JSON,"`recordingest.usnObjectObservationPayload`, `records.NTFSObjectIdentity`",`projectUSNObjectObservation()` — `projector_usn.go`,`USNObjectObservation.payload`
fi.usn_object_observation,reason_code,text,Yes,—,`—`,payload.reason_code,usnObjectObservationPayload.ReasonCode,empty → NULL,Direct JSON,"`recordingest.usnObjectObservationPayload`, `records.NTFSObjectIdentity`",`projectUSNObjectObservation()` — `projector_usn.go`,`USNObjectObservation.payload`
fi.usn_object_observation,error_text,text,Yes,—,`—`,payload.error,usnObjectObservationPayload.Error,empty → NULL,Direct JSON,"`recordingest.usnObjectObservationPayload`, `records.NTFSObjectIdentity`",`projectUSNObjectObservation()` — `projector_usn.go`,`USNObjectObservation.payload`
fi.usn_object_observation,has_ntfs_observation,boolean,No,—,`NOT NULL`,payload.ntfs_observation (presence),value.NTFS != nil,derived boolean from optional JSON object presence,Derived,"`recordingest.usnObjectObservationPayload`, `records.NTFSObjectIdentity`",`projectUSNObjectObservation()` — `projector_usn.go`,`USNObjectObservation.payload`
fi.usn_object_observation,has_content_hashes,boolean,No,—,`NOT NULL`,payload.content_hashes (presence),value.ContentHashes != nil,derived boolean from optional JSON object presence,Derived,"`recordingest.usnObjectObservationPayload`, `records.NTFSObjectIdentity`",`projectUSNObjectObservation()` — `projector_usn.go`,`USNObjectObservation.payload`
fi.usn_object_observation,usn_read_boundary_source_record_id,bigint,No,FK → fi.usn_read_boundary.source_record_id,`NOT NULL`,preceding `USNReadBoundary` record in same source/scope,boundaryRecordID,SQL lineage lookup by source/scope/source_record ordering in `findPrecedingUSNReadBoundary()`,Derived,"`recordingest.usnObjectObservationPayload`, `records.NTFSObjectIdentity`",`projectUSNObjectObservation()` — `projector_usn.go`,`USNObjectObservation.payload`
fi.usn_object_observation,ntfs_object_id,bigint,No,FK → fi.ntfs_object.ntfs_object_id,`NOT NULL`,payload.file_identity,objectID,`records.NTFSObjectIdentity` resolved via `ensureNTFSObject()` using boundary volume,Derived,"`recordingest.usnObjectObservationPayload`, `records.NTFSObjectIdentity`",`projectUSNObjectObservation()` — `projector_usn.go`,`USNObjectObservation.payload`
fi.usn_object_change,source_record_id,bigint,No,"PK, FK → fi.usn_object_observation.source_record_id",`NOT NULL`,—,sourceRecordID,Derived by Go / relational lookup,Derived,`records.USNChangeObservation`,`projectUSNObjectObservation()` — `projector_usn.go`,`USNObjectObservation.payload.changes[*]`
fi.usn_object_change,change_ordinal,integer,No,PK,`NOT NULL CHECK (change_ordinal > 0)`,—,ordinal,1-based change ordinal,Derived,`records.USNChangeObservation`,`projectUSNObjectObservation()` — `projector_usn.go`,`USNObjectObservation.payload.changes[*]`
fi.usn_object_change,major_version,smallint,No,—,`NOT NULL`,payload.changes[*].major_version,records.USNChangeObservation.MajorVersion,numeric text → uint15 → smallint,Direct JSON,`records.USNChangeObservation`,`projectUSNObjectObservation()` — `projector_usn.go`,`USNObjectObservation.payload.changes[*]`
fi.usn_object_change,minor_version,smallint,No,—,`NOT NULL`,payload.changes[*].minor_version,records.USNChangeObservation.MinorVersion,numeric text → uint15 → smallint,Direct JSON,`records.USNChangeObservation`,`projectUSNObjectObservation()` — `projector_usn.go`,`USNObjectObservation.payload.changes[*]`
fi.usn_object_change,usn,"numeric(20,0)",No,—,`NOT NULL CHECK (usn >= 0)`,payload.changes[*].usn,records.USNChangeObservation.USN,"canonical decimal text → numeric(20,0)",Direct JSON,`records.USNChangeObservation`,`projectUSNObjectObservation()` — `projector_usn.go`,`USNObjectObservation.payload.changes[*]`
fi.usn_object_change,event_timestamp,timestamptz,No,—,`NOT NULL`,payload.changes[*].timestamp,records.USNChangeObservation.Timestamp,RFC3339 → timestamptz,Direct JSON,`records.USNChangeObservation`,`projectUSNObjectObservation()` — `projector_usn.go`,`USNObjectObservation.payload.changes[*]`
fi.usn_object_change,reason_raw,bigint,No,—,`NOT NULL CHECK (reason_raw BETWEEN 0 AND 4294967295)`,payload.changes[*].reason_raw,records.USNChangeObservation.ReasonRaw,numeric text → uint32 → bigint,Direct JSON,`records.USNChangeObservation`,`projectUSNObjectObservation()` — `projector_usn.go`,`USNObjectObservation.payload.changes[*]`
fi.usn_object_change,source_info_raw,bigint,No,—,`NOT NULL CHECK (source_info_raw BETWEEN 0 AND 4294967295)`,payload.changes[*].source_info_raw,records.USNChangeObservation.SourceInfoRaw,numeric text → uint32 → bigint,Direct JSON,`records.USNChangeObservation`,`projectUSNObjectObservation()` — `projector_usn.go`,`USNObjectObservation.payload.changes[*]`
fi.usn_object_change,security_id,bigint,No,—,`NOT NULL CHECK (security_id BETWEEN 0 AND 4294967295)`,payload.changes[*].security_id,records.USNChangeObservation.SecurityID,numeric text → uint32 → bigint,Direct JSON,`records.USNChangeObservation`,`projectUSNObjectObservation()` — `projector_usn.go`,`USNObjectObservation.payload.changes[*]`
fi.usn_object_change,file_attributes_raw,bigint,No,—,`NOT NULL CHECK (file_attributes_raw BETWEEN 0 AND 4294967295)`,payload.changes[*].file_attributes_raw,records.USNChangeObservation.FileAttributesRaw,numeric text → uint32 → bigint,Direct JSON,`records.USNChangeObservation`,`projectUSNObjectObservation()` — `projector_usn.go`,`USNObjectObservation.payload.changes[*]`
fi.usn_object_change,file_name_utf16le,bytea,No,—,`NOT NULL`,payload.changes[*].file_name_utf16le_base64url,records.USNChangeObservation.FileNameUTF16LEBase64URL,base64url → bytea,Direct JSON,`records.USNChangeObservation`,`projectUSNObjectObservation()` — `projector_usn.go`,`USNObjectObservation.payload.changes[*]`
fi.usn_object_change,file_ntfs_object_id,bigint,No,FK → fi.ntfs_object.ntfs_object_id,`NOT NULL`,payload.changes[*].file_identity,fileObjectID,`change.FileIdentity` resolved with `ensureNTFSObject()` using boundary volume,Derived,`records.USNChangeObservation`,`projectUSNObjectObservation()` — `projector_usn.go`,`USNObjectObservation.payload.changes[*]`
fi.usn_object_change,parent_ntfs_object_id,bigint,No,FK → fi.ntfs_object.ntfs_object_id,`NOT NULL`,payload.changes[*].parent_identity,parentObjectID,`change.ParentIdentity` resolved with `ensureNTFSObject()` using boundary volume,Derived,`records.USNChangeObservation`,`projectUSNObjectObservation()` — `projector_usn.go`,`USNObjectObservation.payload.changes[*]`
fi.usn_object_change_reason,source_record_id,bigint,No,"PK, FK → fi.usn_object_change.source_record_id",`NOT NULL`,—,sourceRecordID,Derived by Go / relational lookup,Derived,`records.USNChangeObservation.ReasonNames []string`,`projectUSNObjectObservation()` — `projector_usn.go`,`USNObjectObservation.payload.changes[*].reason_names[*]`
fi.usn_object_change_reason,change_ordinal,integer,No,"PK, FK → fi.usn_object_change.change_ordinal",`NOT NULL`,—,ordinal,Derived by Go / relational lookup,Derived,`records.USNChangeObservation.ReasonNames []string`,`projectUSNObjectObservation()` — `projector_usn.go`,`USNObjectObservation.payload.changes[*].reason_names[*]`
fi.usn_object_change_reason,reason_ordinal,integer,No,PK,`NOT NULL CHECK (reason_ordinal > 0)`,—,reasonIndex + 1,Derived by Go / relational lookup,Derived,`records.USNChangeObservation.ReasonNames []string`,`projectUSNObjectObservation()` — `projector_usn.go`,`USNObjectObservation.payload.changes[*].reason_names[*]`
fi.usn_object_change_reason,reason_name,text,No,—,`NOT NULL`,payload.changes[*].reason_names[*],records.USNChangeObservation.ReasonNames[reasonIndex],Direct,Direct JSON,`records.USNChangeObservation.ReasonNames []string`,`projectUSNObjectObservation()` — `projector_usn.go`,`USNObjectObservation.payload.changes[*].reason_names[*]`
fi.usn_continuity_gap,source_record_id,bigint,No,"PK, FK → fi.source_record.source_record_id",`—`,—,sourceRecordID,Derived by Go / relational lookup,Derived,`records.USNContinuityGapObservation`,`projectUSNContinuityGap()` — `projector_usn.go`,`USNContinuityGap.payload`
fi.usn_continuity_gap,observed_at,timestamptz,No,—,`NOT NULL`,payload.observed_at,records.USNContinuityGapObservation.ObservedAt,RFC3339 → timestamptz,Direct JSON,`records.USNContinuityGapObservation`,`projectUSNContinuityGap()` — `projector_usn.go`,`USNContinuityGap.payload`
fi.usn_continuity_gap,collection_method,text,No,—,`NOT NULL`,payload.collection_method,records.USNContinuityGapObservation.CollectionMethod,Direct,Direct JSON,`records.USNContinuityGapObservation`,`projectUSNContinuityGap()` — `projector_usn.go`,`USNContinuityGap.payload`
fi.usn_continuity_gap,scope_id,text,No,—,`NOT NULL`,payload.scope_id,records.USNContinuityGapObservation.ScopeID,Direct,Direct JSON,`records.USNContinuityGapObservation`,`projectUSNContinuityGap()` — `projector_usn.go`,`USNContinuityGap.payload`
fi.usn_continuity_gap,governed_root,text,No,—,`NOT NULL`,payload.governed_root,records.USNContinuityGapObservation.GovernedRoot,Direct,Direct JSON,`records.USNContinuityGapObservation`,`projectUSNContinuityGap()` — `projector_usn.go`,`USNContinuityGap.payload`
fi.usn_continuity_gap,reason_code,text,No,—,`NOT NULL`,payload.reason_code,records.USNContinuityGapObservation.ReasonCode,Direct,Direct JSON,`records.USNContinuityGapObservation`,`projectUSNContinuityGap()` — `projector_usn.go`,`USNContinuityGap.payload`
fi.usn_continuity_gap,checkpoint_journal_id,"numeric(20,0)",No,—,`NOT NULL CHECK (checkpoint_journal_id >= 0)`,payload.checkpoint_journal_id,records.USNContinuityGapObservation.CheckpointJournalID,"canonical decimal text → numeric(20,0)",Direct JSON,`records.USNContinuityGapObservation`,`projectUSNContinuityGap()` — `projector_usn.go`,`USNContinuityGap.payload`
fi.usn_continuity_gap,checkpoint_next_usn,"numeric(20,0)",No,—,`NOT NULL CHECK (checkpoint_next_usn >= 0)`,payload.checkpoint_next_usn,records.USNContinuityGapObservation.CheckpointNextUSN,"canonical decimal text → numeric(20,0)",Direct JSON,`records.USNContinuityGapObservation`,`projectUSNContinuityGap()` — `projector_usn.go`,`USNContinuityGap.payload`
fi.usn_continuity_gap,current_journal_id,"numeric(20,0)",No,—,`NOT NULL CHECK (current_journal_id >= 0)`,payload.current_journal_id,records.USNContinuityGapObservation.CurrentJournalID,"canonical decimal text → numeric(20,0)",Direct JSON,`records.USNContinuityGapObservation`,`projectUSNContinuityGap()` — `projector_usn.go`,`USNContinuityGap.payload`
fi.usn_continuity_gap,current_first_usn,"numeric(20,0)",No,—,`NOT NULL CHECK (current_first_usn >= 0)`,payload.current_first_usn,records.USNContinuityGapObservation.CurrentFirstUSN,"canonical decimal text → numeric(20,0)",Direct JSON,`records.USNContinuityGapObservation`,`projectUSNContinuityGap()` — `projector_usn.go`,`USNContinuityGap.payload`
fi.usn_continuity_gap,current_lowest_valid_usn,"numeric(20,0)",No,—,`NOT NULL CHECK (current_lowest_valid_usn >= 0)`,payload.current_lowest_valid_usn,records.USNContinuityGapObservation.CurrentLowestValidUSN,"canonical decimal text → numeric(20,0)",Direct JSON,`records.USNContinuityGapObservation`,`projectUSNContinuityGap()` — `projector_usn.go`,`USNContinuityGap.payload`
fi.usn_continuity_gap,current_next_usn,"numeric(20,0)",No,—,`NOT NULL CHECK (current_next_usn >= 0)`,payload.current_next_usn,records.USNContinuityGapObservation.CurrentNextUSN,"canonical decimal text → numeric(20,0)",Direct JSON,`records.USNContinuityGapObservation`,`projectUSNContinuityGap()` — `projector_usn.go`,`USNContinuityGap.payload`
fi.usn_continuity_gap,coverage_state,text,No,—,`NOT NULL CHECK (coverage_state = 'Incomplete')`,payload.coverage_state,records.USNContinuityGapObservation.CoverageState,Direct,Direct JSON,`records.USNContinuityGapObservation`,`projectUSNContinuityGap()` — `projector_usn.go`,`USNContinuityGap.payload`
fi.usn_continuity_gap,reconciliation_action,text,No,—,`NOT NULL CHECK (reconciliation_action = 'CurrentStateBaselineAndUSNCatchUp')`,payload.reconciliation_action,records.USNContinuityGapObservation.ReconciliationAction,Direct,Direct JSON,`records.USNContinuityGapObservation`,`projectUSNContinuityGap()` — `projector_usn.go`,`USNContinuityGap.payload`
